2005,1,1,0,-135,-269
2005,1,2,0,-78,-208
2005,1,3,0,-73,-177
2005,1,4,0,-51,-151
2005,1,5,0,-34,-145
2005,1,6,0,-68,-128
2005,1,7,0,-72,-182
2005,1,8,0,-75,-189
2005,1,9,0,-74,-223
2005,1,10,0,-66,-181
2005,1,11,0,-67,-186
2005,1,12,0,-80,-206
2005,1,13,0,-57,-171
2005,1,14,0,-51,-177
2005,1,15,0,-57,-197
2005,1,16,0,-50,-201
2005,1,17,0,-39,-178
2005,1,18,0,-38,-156
2005,1,19,0,-33,-159
2005,1,20,0,-23,-181
2005,1,21,0,-22,-154
2005,1,22,1,-34,-101
2005,1,23,0,-19,-120
2005,1,24,0,-30,-138
2005,1,25,0,-12,-88
2005,1,26,0,-4,-130
2005,1,27,0,15,-103
2005,1,28,0,-26,-147
2005,1,29,0,-95,-189
2005,1,30,0,-58,-144
2005,1,31,0,-91,-179
2005,2,1,0,-85,-190
2005,2,2,0,-58,-202
2005,2,3,0,-36,-130
2005,2,4,0,-53,-159
2005,2,5,5,-77,-147
2005,2,6,14,-64,-133
2005,2,7,0,-77,-176
2005,2,8,0,-46,-163
2005,2,9,0,-104,-215
2005,2,10,0,-82,-201
2005,2,11,0,-66,-194
2005,2,12,0,-22,-180
2005,2,13,0,20,-143
2005,2,14,0,29,-75
2005,2,15,14,1,-37
2005,2,16,0,-8,-108
2005,2,17,1,-40,-93
2005,2,18,0,-93,-206
2005,2,19,0,-90,-202
2005,2,20,0,-52,-203
2005,2,21,0,-14,-182
2005,2,22,0,-32,-107
2005,2,23,0,13,-119
2005,2,24,0,-15,-122
2005,2,25,0,-33,-169
2005,2,26,0,22,-154
2005,2,27,0,48,-81
2005,2,28,2,62,-37
2005,3,1,0,25,-66
2005,3,2,0,1,-98
2005,3,3,0,-29,-85
2005,3,4,0,3,-146
2005,3,5,0,108,-99
2005,3,6,0,116,-61
2005,3,7,0,109,-49
2005,3,8,0,129,-54
2005,3,9,0,150,-29
2005,3,10,0,74,-131
2005,3,11,0,-43,-148
2005,3,12,0,-8,-142
2005,3,13,0,42,-123
2005,3,14,0,43,-44
2005,3,15,0,97,-59
2005,3,16,0,77,-9
2005,3,17,0,-6,-58
2005,3,18,0,32,-99
2005,3,19,0,104,-75
2005,3,20,0,93,-59
2005,3,21,0,136,33
2005,3,22,0,112,-22
2005,3,23,0,64,-28
2005,3,24,0,113,-71
2005,3,25,0,163,-45
2005,3,26,0,180,-1
2005,3,27,0,201,41
2005,3,28,0,157,12
2005,3,29,0,139,-5
2005,3,30,0,196,-17
2005,3,31,0,148,73
2005,4,1,0,168,35
2005,4,2,0,154,15
2005,4,3,0,183,-23
2005,4,4,0,256,14
2005,4,5,0,259,36
2005,4,6,0,203,85
2005,4,7,2,150,45
2005,4,8,63,96,25
2005,4,9,0,104,-7
2005,4,10,0,111,-3
2005,4,11,0,143,10
2005,4,12,0,116,21
2005,4,13,0,184,-17
2005,4,14,0,156,11
2005,4,15,0,189,0
2005,4,16,0,212,15
2005,4,17,0,199,37
2005,4,18,0,162,56
2005,4,19,0,99,8
2005,4,20,0,102,-4
2005,4,21,0,158,3
2005,4,22,0,182,25
2005,4,23,0,213,103
2005,4,24,0,174,46
2005,4,25,0,228,29
2005,4,26,0,250,51
2005,4,27,0,290,66
2005,4,28,0,255,135
2005,4,29,0,314,154
2005,4,30,0,263,144
2005,5,1,0,212,45
2005,5,2,0,272,42
2005,5,3,0,311,75
2005,5,4,23,258,107
2005,5,5,0,152,46
2005,5,6,0,243,15
2005,5,7,0,151,76
2005,5,8,0,213,20
2005,5,9,0,220,66
2005,5,10,0,202,154
2005,5,11,0,263,52
2005,5,12,0,312,85
2005,5,13,0,293,146
2005,5,14,0,292,161
2005,5,15,108,251,129
2005,5,16,1,174,107
2005,5,17,0,232,90
2005,5,18,0,236,119
2005,5,19,0,221,101
2005,5,20,0,207,90
2005,5,21,6,235,106
2005,5,22,0,241,74
2005,5,23,0,255,60
2005,5,24,0,279,81
2005,5,25,0,261,142
2005,5,26,12,278,102
2005,5,27,11,277,131
2005,5,28,0,309,135
2005,5,29,76,269,136
2005,5,30,1,264,144
2005,5,31,0,257,108
2005,6,1,0,263,153
2005,6,2,0,309,134
2005,6,3,0,321,140
2005,6,4,0,321,173
2005,6,5,39,235,138
2005,6,6,0,304,84
2005,6,7,0,290,148
2005,6,8,0,251,144
2005,6,9,0,295,126
2005,6,10,0,305,132
2005,6,11,0,330,127
2005,6,12,0,322,178
2005,6,13,0,287,130
2005,6,14,0,283,134
2005,6,15,0,312,141
2005,6,16,0,337,142
2005,6,17,0,339,185
2005,6,18,0,340,189
2005,6,19,0,344,220
2005,6,20,0,353,203
2005,6,21,0,381,175
2005,6,22,0,404,191
2005,6,23,0,366,242
2005,6,24,0,330,219
2005,6,25,3,329,179
2005,6,26,0,265,183
2005,6,27,0,275,158
2005,6,28,0,293,155
2005,6,29,0,314,127
2005,6,30,0,342,145
2005,7,1,0,323,197
2005,7,2,2,293,194
2005,7,3,0,310,167
2005,7,4,0,324,186
2005,7,5,0,337,181
2005,7,6,0,367,182
2005,7,7,1,347,188
2005,7,8,0,333,210
2005,7,9,0,309,171
2005,7,10,0,304,172
2005,7,11,10,318,190
2005,7,12,0,348,150
2005,7,13,0,363,225
2005,7,14,0,349,32766
2005,7,15,0,328,199
2005,7,16,0,341,243
2005,7,17,0,335,244
2005,7,18,0,344,240
2005,7,19,66,310,219
2005,7,20,14,230,197
2005,7,21,13,211,184
2005,7,22,0,276,162
2005,7,23,0,309,183
2005,7,24,0,327,182
2005,7,25,0,334,213
2005,7,26,31,293,199
2005,7,27,0,295,180
2005,7,28,0,320,173
2005,7,29,0,325,200
2005,7,30,15,292,181
2005,7,31,0,321,169
2005,8,1,4,322,171
2005,8,2,9,259,193
2005,8,3,14,311,174
2005,8,4,1,291,170
2005,8,5,0,322,157
2005,8,6,0,311,200
2005,8,7,0,269,196
2005,8,8,0,293,204
2005,8,9,0,318,188
2005,8,10,0,349,210
2005,8,11,177,304,210
2005,8,12,12,300,203
2005,8,13,0,302,215
2005,8,14,1,300,231
2005,8,15,229,272,194
2005,8,16,0,227,175
2005,8,17,0,251,128
2005,8,18,0,259,121
2005,8,19,0,256,143
2005,8,20,50,232,158
2005,8,21,0,258,161
2005,8,22,142,222,169
2005,8,23,20,239,163
2005,8,24,86,250,132
2005,8,25,2,275,129
2005,8,26,0,294,161
2005,8,27,0,304,135
2005,8,28,0,298,172
2005,8,29,4,304,192
2005,8,30,0,296,155
2005,8,31,0,292,205
2005,9,1,0,250,118
2005,9,2,0,267,111
2005,9,3,0,254,111
2005,9,4,0,273,93
2005,9,5,0,273,133
2005,9,6,28,236,151
2005,9,7,0,280,143
2005,9,8,0,307,133
2005,9,9,0,313,150
2005,9,10,0,280,160
2005,9,11,0,265,200
2005,9,12,6,237,123
2005,9,13,23,238,94
2005,9,14,0,196,76
2005,9,15,1,204,151
2005,9,16,0,239,109
2005,9,17,0,196,62
2005,9,18,0,250,82
2005,9,19,172,246,127
2005,9,20,0,211,134
2005,9,21,0,193,90
2005,9,22,0,199,68
2005,9,23,145,216,108
2005,9,24,0,32766,79
2005,9,25,0,246,187
2005,9,26,0,222,128
2005,9,27,0,218,125
2005,9,28,0,217,125
2005,9,29,22,221,156
2005,9,30,0,237,101
2005,10,1,0,221,116
2005,10,2,0,151,52
2005,10,3,0,185,18
2005,10,4,0,205,48
2005,10,5,0,218,76
2005,10,6,0,200,121
2005,10,7,0,172,19
2005,10,8,0,184,10
2005,10,9,0,213,34
2005,10,10,0,231,85
2005,10,11,0,198,135
2005,10,12,3,184,62
2005,10,13,2,104,16
2005,10,14,0,141,-34
2005,10,15,0,183,-7
2005,10,16,0,191,4
2005,10,17,0,168,18
2005,10,18,0,187,6
2005,10,19,25,126,32
2005,10,20,0,179,84
2005,10,21,0,164,45
2005,10,22,0,161,5
2005,10,23,0,174,-7
2005,10,24,0,178,-8
2005,10,25,0,183,8
2005,10,26,0,122,20
2005,10,27,0,80,0
2005,10,28,0,88,-28
2005,10,29,0,109,-19
2005,10,30,0,118,-26
2005,10,31,0,143,-25
2005,11,1,0,158,-8
2005,11,2,0,170,-13
2005,11,3,0,169,21
2005,11,4,0,160,-22
2005,11,5,0,130,23
2005,11,6,0,118,-53
2005,11,7,0,82,-17
2005,11,8,0,98,-74
2005,11,9,0,142,-48
2005,11,10,0,122,-28
2005,11,11,0,117,-38
2005,11,12,0,100,-10
2005,11,13,0,65,-47
2005,11,14,0,68,-56
2005,11,15,0,57,-46
2005,11,16,0,66,-85
2005,11,17,0,74,-43
2005,11,18,0,73,-35
2005,11,19,0,63,-61
2005,11,20,0,46,-54
2005,11,21,0,46,-75
2005,11,22,0,48,-79
2005,11,23,0,53,-89
2005,11,24,0,58,-91
2005,11,25,0,41,-85
2005,11,26,0,68,-74
2005,11,27,0,51,-54
2005,11,28,0,29,-44
2005,11,29,0,36,-92
2005,11,30,0,32,-75
2005,12,1,0,-11,-97
2005,12,2,0,-14,-92
2005,12,3,0,-50,-141
2005,12,4,0,-119,-177
2005,12,5,0,-106,-195
2005,12,6,0,-73,-179
2005,12,7,0,-68,-173
2005,12,8,0,-37,-182
2005,12,9,0,-12,-141
2005,12,10,0,-41,-139
2005,12,11,0,-88,-170
2005,12,12,0,-97,-170
2005,12,13,0,-86,-159
2005,12,14,0,-73,-147
2005,12,15,0,-50,-167
2005,12,16,0,-43,-154
2005,12,17,0,-53,-157
2005,12,18,0,-52,-203
2005,12,19,0,-32,-149
2005,12,20,0,-69,-151
2005,12,21,0,-59,-191
2005,12,22,0,15,-145
2005,12,23,0,5,-109
2005,12,24,0,-10,-163
2005,12,25,0,-12,-124
2005,12,26,0,-15,-122
2005,12,27,0,-23,-160
2005,12,28,0,-10,-117
2005,12,29,0,-12,-131
2005,12,30,46,-48,-101
2005,12,31,1,-27,-113
2006,1,1,0,-28,-152
2006,1,2,0,-65,-175
2006,1,3,0,-53,-152
2006,1,4,0,-104,-162
2006,1,5,0,-100,-197
2006,1,6,0,-95,-207
2006,1,7,0,-89,-234
2006,1,8,0,-72,-199
2006,1,9,0,-52,-193
2006,1,10,0,-32,-167
2006,1,11,0,15,-157
2006,1,12,0,7,-84
2006,1,13,0,2,-138
2006,1,14,0,-31,-154
2006,1,15,0,2,-149
2006,1,16,0,18,-136
2006,1,17,0,7,-111
2006,1,18,0,5,-153
2006,1,19,34,-18,-47
2006,1,20,34,-9,-38
2006,1,21,2,-37,-94
2006,1,22,0,-84,-187
2006,1,23,0,-80,-172
2006,1,24,2,-70,-177
2006,1,25,0,-78,-205
2006,1,26,0,-68,-205
2006,1,27,0,-44,-181
2006,1,28,0,-1,-133
2006,1,29,0,-11,-86
2006,1,30,0,-15,-133
2006,1,31,0,-19,-100
2006,2,1,0,-45,-151
2006,2,2,0,-73,-183
2006,2,3,0,-67,-216
2006,2,4,0,-45,-187
2006,2,5,0,-16,-161
2006,2,6,8,-32,-102
2006,2,7,0,-98,-166
2006,2,8,0,-87,-213
2006,2,9,0,-58,-222
2006,2,10,0,-5,-170
2006,2,11,0,38,-94
2006,2,12,0,58,-95
2006,2,13,0,81,-20
2006,2,14,0,44,-34
2006,2,15,0,2,-72
2006,2,16,0,-24,-144
2006,2,17,0,10,-141
2006,2,18,0,38,-145
2006,2,19,0,70,-122
2006,2,20,0,95,-66
2006,2,21,0,64,-47
2006,2,22,0,36,-131
2006,2,23,0,63,-81
2006,2,24,0,94,-67
2006,2,25,0,38,-71
2006,2,26,0,-35,-111
2006,2,27,2,-30,-88
2006,2,28,1,-13,-96
2006,3,1,0,26,-120
2006,3,2,0,62,-124
2006,3,3,0,91,-97
2006,3,4,0,121,-57
2006,3,5,0,134,-58
2006,3,6,0,143,-48
2006,3,7,0,142,-2
2006,3,8,0,150,-7
2006,3,9,0,143,-20
2006,3,10,2,94,-8
2006,3,11,0,-5,-97
2006,3,12,0,-44,-153
2006,3,13,0,36,-111
2006,3,14,0,53,-76
2006,3,15,0,100,-71
2006,3,16,0,132,-58
2006,3,17,0,103,-7
2006,3,18,0,71,-52
2006,3,19,0,119,-29
2006,3,20,0,129,-49
2006,3,21,0,110,-24
2006,3,22,0,85,-2
2006,3,23,0,103,-81
2006,3,24,0,136,-35
2006,3,25,0,112,-12
2006,3,26,0,124,-8
2006,3,27,0,62,-6
2006,3,28,0,151,-76
2006,3,29,0,202,17
2006,3,30,0,228,-5
2006,3,31,0,203,52
2006,4,1,0,145,43
2006,4,2,0,207,8
2006,4,3,0,200,44
2006,4,4,0,179,54
2006,4,5,0,154,35
2006,4,6,0,158,65
2006,4,7,0,192,13
2006,4,8,0,223,53
2006,4,9,0,264,51
2006,4,10,0,292,112
2006,4,11,11,142,-44
2006,4,12,0,70,-60
2006,4,13,0,134,-12
2006,4,14,0,144,31
2006,4,15,0,149,-5
2006,4,16,0,192,42
2006,4,17,0,185,87
2006,4,18,0,134,31
2006,4,19,0,119,-20
2006,4,20,0,192,-18
2006,4,21,0,216,44
2006,4,22,0,155,31
2006,4,23,0,168,21
2006,4,24,0,235,1
2006,4,25,0,201,115
2006,4,26,0,182,83
2006,4,27,0,177,60
2006,4,28,0,200,70
2006,4,29,0,304,78
2006,4,30,0,335,108
2006,5,1,0,267,126
2006,5,2,0,312,124
2006,5,3,0,320,167
2006,5,4,0,282,196
2006,5,5,0,255,106
2006,5,6,0,236,147
2006,5,7,0,216,78
2006,5,8,98,179,112
2006,5,9,6,161,89
2006,5,10,0,154,15
2006,5,11,136,130,64
2006,5,12,68,130,53
2006,5,13,0,204,35
2006,5,14,0,255,50
2006,5,15,0,281,77
2006,5,16,0,256,117
2006,5,17,0,252,83
2006,5,18,0,311,143
2006,5,19,0,290,154
2006,5,20,0,228,116
2006,5,21,0,219,125
2006,5,22,0,252,82
2006,5,23,0,295,98
2006,5,24,0,250,145
2006,5,25,0,239,94
2006,5,26,42,219,86
2006,5,27,0,261,86
2006,5,28,0,294,132
2006,5,29,0,306,157
2006,5,30,0,296,185
2006,5,31,0,335,145
2006,6,1,52,302,206
2006,6,2,0,284,151
2006,6,3,0,296,160
2006,6,4,0,312,153
2006,6,5,0,308,155
2006,6,6,172,276,174
2006,6,7,0,220,129
2006,6,8,0,251,139
2006,6,9,15,213,144
2006,6,10,0,284,91
2006,6,11,1,322,148
2006,6,12,0,269,156
2006,6,13,0,249,101
2006,6,14,0,269,121
2006,6,15,0,324,105
2006,6,16,0,336,140
2006,6,17,0,303,139
2006,6,18,0,320,166
2006,6,19,0,265,168
2006,6,20,0,293,178
2006,6,21,0,316,174
2006,6,22,0,309,196
2006,6,23,0,293,185
2006,6,24,0,318,169
2006,6,25,0,302,163
2006,6,26,0,320,150
2006,6,27,0,304,169
2006,6,28,153,266,156
2006,6,29,2,294,149
2006,6,30,1,340,157
2006,7,1,0,347,180
2006,7,2,0,358,204
2006,7,3,0,341,221
2006,7,4,0,341,221
2006,7,5,0,341,228
2006,7,6,0,334,181
2006,7,7,0,334,231
2006,7,8,109,297,185
2006,7,9,15,294,175
2006,7,10,14,295,150
2006,7,11,0,299,142
2006,7,12,1,312,197
2006,7,13,0,341,178
2006,7,14,6,280,206
2006,7,15,2,266,199
2006,7,16,0,303,232
2006,7,17,0,282,214
2006,7,18,0,308,201
2006,7,19,0,306,220
2006,7,20,0,348,186
2006,7,21,0,318,200
2006,7,22,0,306,195
2006,7,23,7,314,174
2006,7,24,12,303,168
2006,7,25,0,268,148
2006,7,26,0,291,170
2006,7,27,199,254,161
2006,7,28,0,291,170
2006,7,29,2,268,193
2006,7,30,0,302,148
2006,7,31,207,264,144
2006,8,1,22,264,147
2006,8,2,128,275,151
2006,8,3,0,278,161
2006,8,4,0,292,176
2006,8,5,0,292,201
2006,8,6,0,314,205
2006,8,7,3,322,208
2006,8,8,69,248,205
2006,8,9,80,285,195
2006,8,10,4,277,201
2006,8,11,626,261,199
2006,8,12,73,240,182
2006,8,13,0,251,176
2006,8,14,0,288,177
2006,8,15,1,289,178
2006,8,16,0,282,178
2006,8,17,0,287,189
2006,8,18,0,275,203
2006,8,19,211,268,175
2006,8,20,0,259,172
2006,8,21,0,255,121
2006,8,22,0,248,128
2006,8,23,0,281,145
2006,8,24,0,286,176
2006,8,25,0,249,179
2006,8,26,0,263,129
2006,8,27,0,278,173
2006,8,28,52,231,166
2006,8,29,0,261,145
2006,8,30,16,254,187
2006,8,31,0,277,157
2006,9,1,66,261,165
2006,9,2,0,286,155
2006,9,3,0,232,128
2006,9,4,0,217,124
2006,9,5,0,246,94
2006,9,6,0,256,83
2006,9,7,0,205,85
2006,9,8,0,130,36
2006,9,9,0,192,43
2006,9,10,0,241,54
2006,9,11,0,242,66
2006,9,12,0,239,83
2006,9,13,0,223,109
2006,9,14,18,199,124
2006,9,15,0,239,88
2006,9,16,0,274,92
2006,9,17,0,275,98
2006,9,18,0,274,117
2006,9,19,0,245,129
2006,9,20,352,202,117
2006,9,21,38,205,96
2006,9,22,0,204,116
2006,9,23,0,196,143
2006,9,24,133,181,135
2006,9,25,0,184,85
2006,9,26,0,206,39
2006,9,27,0,229,96
2006,9,28,0,231,91
2006,9,29,0,226,79
2006,9,30,0,230,95
2006,10,1,0,227,82
2006,10,2,0,218,86
2006,10,3,1,228,80
2006,10,4,0,222,77
2006,10,5,0,243,76
2006,10,6,0,216,96
2006,10,7,0,184,72
2006,10,8,0,192,46
2006,10,9,0,234,41
2006,10,10,0,202,52
2006,10,11,0,180,28
2006,10,12,0,226,21
2006,10,13,0,236,61
2006,10,14,0,236,48
2006,10,15,0,256,60
2006,10,16,0,186,66
2006,10,17,0,169,-5
2006,10,18,0,224,47
2006,10,19,0,185,79
2006,10,20,0,237,62
2006,10,21,0,197,86
2006,10,22,0,152,39
2006,10,23,0,158,7
2006,10,24,49,123,73
2006,10,25,0,116,14
2006,10,26,0,136,5
2006,10,27,0,172,33
2006,10,28,0,157,2
2006,10,29,0,163,-17
2006,10,30,0,166,-4
2006,10,31,0,153,0
2006,11,1,0,157,-14
2006,11,2,0,155,8
2006,11,3,0,161,-12
2006,11,4,0,96,33
2006,11,5,0,37,-32
2006,11,6,0,96,-5
2006,11,7,0,139,-44
2006,11,8,0,127,38
2006,11,9,0,111,-19
2006,11,10,0,98,-4
2006,11,11,0,125,-27
2006,11,12,0,125,-29
2006,11,13,0,58,-3
2006,11,14,0,90,-52
2006,11,15,0,92,-55
2006,11,16,0,67,-21
2006,11,17,0,80,-8
2006,11,18,0,76,-69
2006,11,19,0,82,-21
2006,11,20,0,93,-65
2006,11,21,0,98,-56
2006,11,22,0,80,-67
2006,11,23,41,73,6
2006,11,24,23,37,15
2006,11,25,33,17,-6
2006,11,26,0,-6,-39
2006,11,27,8,-13,-48
2006,11,28,0,-37,-104
2006,11,29,0,-27,-114
2006,11,30,0,-20,-125
2006,12,1,0,-48,-117
2006,12,2,0,-48,-147
2006,12,3,0,-27,-148
2006,12,4,0,-11,-139
2006,12,5,0,-40,-134
2006,12,6,0,-4,-69
2006,12,7,0,-37,-132
2006,12,8,0,-46,-106
2006,12,9,0,-25,-160
2006,12,10,0,-15,-153
2006,12,11,0,7,-101
2006,12,12,0,-20,-90
2006,12,13,0,-14,-137
2006,12,14,0,8,-142
2006,12,15,0,-32,-109
2006,12,16,0,-56,-103
2006,12,17,0,-29,-169
2006,12,18,0,-8,-138
2006,12,19,0,-8,-128
2006,12,20,0,-10,-105
2006,12,21,0,19,-133
2006,12,22,0,27,-132
2006,12,23,0,29,-122
2006,12,24,0,33,-116
2006,12,25,0,32,-103
2006,12,26,0,-10,-83
2006,12,27,0,-49,-147
2006,12,28,0,-33,-173
2006,12,29,9,-60,-153
2006,12,30,0,-43,-121
2006,12,31,0,-58,-133
2007,1,1,0,-68,-164
2007,1,2,0,-44,-168
2007,1,3,0,-18,-166
2007,1,4,3,-31,-110
2007,1,5,0,-73,-118
2007,1,6,0,-63,-139
2007,1,7,0,-50,-180
2007,1,8,0,-59,-174
2007,1,9,0,-28,-175
2007,1,10,0,-49,-146
2007,1,11,0,-40,-157
2007,1,12,0,-37,-155
2007,1,13,0,-30,-184
2007,1,14,0,-35,-147
2007,1,15,0,-29,-121
2007,1,16,0,-24,-158
2007,1,17,0,4,-150
2007,1,18,0,-4,-156
2007,1,19,0,12,-149
2007,1,20,0,8,-113
2007,1,21,0,-16,-132
2007,1,22,0,22,-108
2007,1,23,0,-16,-126
2007,1,24,0,-20,-124
2007,1,25,0,-59,-117
2007,1,26,0,-32,-149
2007,1,27,0,-31,-110
2007,1,28,0,-3,-138
2007,1,29,0,-31,-87
2007,1,30,0,23,-171
2007,1,31,0,-1,-130
2007,2,1,0,43,-108
2007,2,2,0,61,-121
2007,2,3,0,41,-56
2007,2,4,0,56,-105
2007,2,5,0,80,-41
2007,2,6,0,88,-90
2007,2,7,88,22,-31
2007,2,8,0,22,-62
2007,2,9,0,16,-98
2007,2,10,0,5,-119
2007,2,11,0,2,-131
2007,2,12,0,36,-103
2007,2,13,0,-14,-68
2007,2,14,0,-5,-155
2007,2,15,0,18,-129
2007,2,16,0,34,-98
2007,2,17,0,8,-84
2007,2,18,0,47,-91
2007,2,19,0,60,-89
2007,2,20,0,86,-61
2007,2,21,0,83,-79
2007,2,22,0,43,-49
2007,2,23,0,33,-88
2007,2,24,0,86,-59
2007,2,25,0,125,-66
2007,2,26,0,151,-36
2007,2,27,0,132,-22
2007,2,28,32,95,7
2007,3,1,4,45,13
2007,3,2,3,55,18
2007,3,3,87,43,-64
2007,3,4,16,-48,-89
2007,3,5,0,-43,-148
2007,3,6,0,-22,-155
2007,3,7,0,-2,-109
2007,3,8,0,23,-88
2007,3,9,0,20,-58
2007,3,10,0,-28,-140
2007,3,11,0,5,-117
2007,3,12,0,57,-85
2007,3,13,0,73,-76
2007,3,14,0,79,-19
2007,3,15,0,70,-16
2007,3,16,0,77,-7
2007,3,17,0,77,-51
2007,3,18,39,77,5
2007,3,19,0,99,-9
2007,3,20,0,100,-12
2007,3,21,0,135,-16
2007,3,22,0,151,-2
2007,3,23,0,176,74
2007,3,24,0,153,-4
2007,3,25,0,154,-15
2007,3,26,0,128,27
2007,3,27,0,161,4
2007,3,28,0,154,27
2007,3,29,0,165,66
2007,3,30,1,140,59
2007,3,31,0,83,10
2007,4,1,0,78,-7
2007,4,2,0,58,-42
2007,4,3,0,104,-66
2007,4,4,0,145,-8
2007,4,5,0,151,51
2007,4,6,0,136,6
2007,4,7,0,145,-22
2007,4,8,0,176,-13
2007,4,9,0,201,13
2007,4,10,0,215,23
2007,4,11,3,195,48
2007,4,12,12,153,70
2007,4,13,0,179,-3
2007,4,14,0,146,35
2007,4,15,183,103,18
2007,4,16,0,110,-12
2007,4,17,0,152,16
2007,4,18,0,225,46
2007,4,19,0,230,82
2007,4,20,0,181,83
2007,4,21,0,165,66
2007,4,22,3,120,18
2007,4,23,42,132,31
2007,4,24,0,169,15
2007,4,25,0,204,21
2007,4,26,0,219,38
2007,4,27,0,232,43
2007,4,28,0,238,75
2007,4,29,0,239,83
2007,4,30,0,212,82
2007,5,1,0,223,19
2007,5,2,0,185,86
2007,5,3,0,249,98
2007,5,4,0,275,80
2007,5,5,0,250,102
2007,5,6,0,267,65
2007,5,7,0,279,141
2007,5,8,0,263,113
2007,5,9,0,221,54
2007,5,10,0,205,139
2007,5,11,0,169,102
2007,5,12,0,229,30
2007,5,13,0,279,40
2007,5,14,0,295,64
2007,5,15,0,253,139
2007,5,16,0,259,80
2007,5,17,0,231,115
2007,5,18,0,248,56
2007,5,19,0,304,109
2007,5,20,0,259,133
2007,5,21,0,219,95
2007,5,22,84,211,135
2007,5,23,0,226,145
2007,5,24,0,216,125
2007,5,25,0,277,87
2007,5,26,0,302,102
2007,5,27,0,266,151
2007,5,28,0,295,97
2007,5,29,0,298,100
2007,5,30,6,272,179
2007,5,31,0,275,121
2007,6,1,0,324,98
2007,6,2,0,345,122
2007,6,3,0,301,185
2007,6,4,0,278,55
2007,6,5,0,313,98
2007,6,6,0,336,152
2007,6,7,0,324,146
2007,6,8,0,335,142
2007,6,9,0,335,160
2007,6,10,0,310,192
2007,6,11,0,318,170
2007,6,12,0,285,213
2007,6,13,0,282,140
2007,6,14,0,294,170
2007,6,15,0,287,207
2007,6,16,92,270,156
2007,6,17,138,210,159
2007,6,18,185,175,152
2007,6,19,53,204,152
2007,6,20,1,214,160
2007,6,21,0,243,171
2007,6,22,11,217,163
2007,6,23,3,220,149
2007,6,24,0,267,117
2007,6,25,20,330,148
2007,6,26,0,326,170
2007,6,27,0,298,197
2007,6,28,0,265,176
2007,6,29,0,304,150
2007,6,30,0,313,183
2007,7,1,0,315,191
2007,7,2,0,324,164
2007,7,3,4,326,193
2007,7,4,0,331,198
2007,7,5,1,319,194
2007,7,6,4,266,188
2007,7,7,15,327,169
2007,7,8,0,342,157
2007,7,9,0,292,183
2007,7,10,0,320,190
2007,7,11,0,325,159
2007,7,12,0,335,167
2007,7,13,0,301,211
2007,7,14,0,287,190
2007,7,15,0,315,176
2007,7,16,0,345,196
2007,7,17,97,336,202
2007,7,18,2,255,190
2007,7,19,0,302,157
2007,7,20,0,311,174
2007,7,21,0,293,214
2007,7,22,43,254,177
2007,7,23,86,237,163
2007,7,24,0,252,162
2007,7,25,0,260,150
2007,7,26,0,287,174
2007,7,27,0,281,190
2007,7,28,0,249,194
2007,7,29,7,265,201
2007,7,30,73,268,196
2007,7,31,0,313,180
2007,8,1,0,304,153
2007,8,2,0,302,177
2007,8,3,0,292,176
2007,8,4,0,295,159
2007,8,5,0,312,163
2007,8,6,0,303,195
2007,8,7,44,303,162
2007,8,8,0,326,183
2007,8,9,1,284,184
2007,8,10,0,313,162
2007,8,11,0,311,174
2007,8,12,0,323,149
2007,8,13,0,340,147
2007,8,14,0,320,172
2007,8,15,0,321,178
2007,8,16,0,323,207
2007,8,17,0,310,190
2007,8,18,0,314,182
2007,8,19,0,304,193
2007,8,20,0,340,240
2007,8,21,0,291,228
2007,8,22,0,279,162
2007,8,23,0,256,194
2007,8,24,0,283,119
2007,8,25,45,231,147
2007,8,26,6,228,144
2007,8,27,0,282,138
2007,8,28,0,235,168
2007,8,29,0,241,113
2007,8,30,0,257,142
2007,8,31,0,291,142
2007,9,1,39,243,151
2007,9,2,0,263,139
2007,9,3,0,257,97
2007,9,4,0,264,95
2007,9,5,0,260,103
2007,9,6,0,262,98
2007,9,7,0,280,135
2007,9,8,0,292,121
2007,9,9,0,287,135
2007,9,10,0,289,131
2007,9,11,0,286,136
2007,9,12,22,227,161
2007,9,13,104,184,138
2007,9,14,0,256,116
2007,9,15,0,287,116
2007,9,16,0,286,116
2007,9,17,155,216,101
2007,9,18,0,201,67
2007,9,19,0,226,52
2007,9,20,0,267,64
2007,9,21,0,264,73
2007,9,22,0,261,95
2007,9,23,0,246,83
2007,9,24,0,243,76
2007,9,25,0,244,103
2007,9,26,21,215,101
2007,9,27,0,179,51
2007,9,28,0,198,86
2007,9,29,0,188,74
2007,9,30,1,168,92
2007,10,1,59,185,97
2007,10,2,0,176,65
2007,10,3,0,207,93
2007,10,4,118,142,93
2007,10,5,0,201,115
2007,10,6,143,166,107
2007,10,7,0,108,21
2007,10,8,0,122,2
2007,10,9,0,144,32
2007,10,10,0,158,80
2007,10,11,0,168,45
2007,10,12,39,159,41
2007,10,13,18,79,24
2007,10,14,0,122,-22
2007,10,15,0,150,-19
2007,10,16,0,156,-20
2007,10,17,0,153,-14
2007,10,18,0,95,-18
2007,10,19,0,134,-28
2007,10,20,0,164,-18
2007,10,21,0,189,-8
2007,10,22,0,183,-2
2007,10,23,14,175,2
2007,10,24,76,152,43
2007,10,25,0,163,6
2007,10,26,0,155,16
2007,10,27,6,119,24
2007,10,28,0,59,-34
2007,10,29,0,119,-44
2007,10,30,0,79,29
2007,10,31,0,31,-38
2007,11,1,0,66,-69
2007,11,2,0,84,-43
2007,11,3,0,97,-36
2007,11,4,0,119,-36
2007,11,5,0,123,-17
2007,11,6,0,141,-10
2007,11,7,0,114,-29
2007,11,8,0,77,-18
2007,11,9,0,75,-58
2007,11,10,0,91,-67
2007,11,11,3,67,-64
2007,11,12,0,79,-14
2007,11,13,0,83,-6
2007,11,14,0,39,-30
2007,11,15,0,29,-66
2007,11,16,0,60,-103
2007,11,17,0,42,-45
2007,11,18,0,21,-74
2007,11,19,0,35,-35
2007,11,20,0,75,-83
2007,11,21,0,86,-83
2007,11,22,0,88,-74
2007,11,23,0,68,-45
2007,11,24,0,106,-62
2007,11,25,0,51,-41
2007,11,26,0,22,-114
2007,11,27,0,37,-116
2007,11,28,0,26,-76
2007,11,29,0,1,-122
2007,11,30,0,33,-134
2007,12,1,0,23,-81
2008,1,1,0,-53,-176
2008,1,2,0,-54,-199
2008,1,3,0,-43,-158
2008,1,4,0,-33,-184
2008,1,5,0,-16,-168
2008,1,6,0,-8,-147
2008,1,7,0,6,-154
2008,1,8,0,-4,-132
2008,1,9,0,-36,-136
2008,1,10,0,-29,-130
2008,1,11,0,-27,-113
2008,1,12,0,-55,-180
2008,1,13,1,-69,-147
2008,1,14,4,-57,-124
2008,1,15,0,-77,-167
2008,1,16,0,-85,-219
2008,1,17,2,-75,-142
2008,1,18,0,-73,-197
2008,1,19,0,-52,-146
2008,1,20,19,-68,-126
2008,1,21,4,-78,-141
2008,1,22,0,-130,-232
2008,1,23,0,-137,-236
2008,1,24,0,-131,-255
2008,1,25,0,-114,-210
2008,1,26,0,-83,-227
2008,1,27,0,-93,-193
2008,1,28,0,-103,-177
2008,1,29,0,-109,-215
2008,1,30,0,-100,-209
2008,1,31,0,-88,-224
2008,2,1,0,-98,-233
2008,2,2,0,-85,-238
2008,2,3,0,-86,-238
2008,2,4,1,-96,-202
2008,2,5,0,-83,-208
2008,2,6,0,-72,-237
2008,2,7,0,-99,-187
2008,2,8,0,-88,-201
2008,2,9,0,-68,-217
2008,2,10,0,-52,-198
2008,2,11,0,-97,-198
2008,2,12,0,-75,-236
2008,2,13,0,-40,-211
2008,2,14,0,-28,-188
2008,2,15,0,-13,-189
2008,2,16,0,-4,-148
2008,2,17,0,-10,-153
2008,2,18,0,14,-100
2008,2,19,0,27,-117
2008,2,20,0,58,-116
2008,2,21,0,60,-87
2008,2,22,0,43,-91
2008,2,23,0,55,-96
2008,2,24,4,30,-28
2008,2,25,0,1,-97
2008,2,26,0,36,-131
2008,2,27,0,72,-109
2008,2,28,0,54,-77
2008,2,29,0,61,-109
2008,3,1,0,34,-19
2008,3,2,0,46,-65
2008,3,3,0,78,-69
2008,3,4,0,115,-76
2008,3,5,0,116,-27
2008,3,6,0,78,-63
2008,3,7,0,99,-83
2008,3,8,63,97,10
2008,3,9,0,106,-13
2008,3,10,0,143,-27
2008,3,11,0,170,-26
2008,3,12,0,95,0
2008,3,13,0,68,-75
2008,3,14,0,126,-31
2008,3,15,0,102,-12
2008,3,16,0,163,-35
2008,3,17,0,205,-9
2008,3,18,0,149,-22
2008,3,19,0,142,-4
2008,3,20,15,131,75
2008,3,21,0,116,4
2008,3,22,0,90,20
2008,3,23,0,150,-51
2008,3,24,0,108,-17
2008,3,25,0,139,-44
2008,3,26,0,134,-1
2008,3,27,0,109,-24
2008,3,28,53,91,17
2008,3,29,0,106,-18
2008,3,30,0,94,-22
2008,3,31,42,73,16
2008,4,1,3,53,4
2008,4,2,0,85,-22
2008,4,3,0,143,-32
2008,4,4,0,183,-22
2008,4,5,0,172,56
2008,4,6,0,185,39
2008,4,7,0,239,18
2008,4,8,0,194,107
2008,4,9,0,184,61
2008,4,10,0,169,69
2008,4,11,0,132,51
2008,4,12,0,175,38
2008,4,13,0,190,2
2008,4,14,0,221,30
2008,4,15,0,236,30
2008,4,16,0,253,50
2008,4,17,0,251,91
2008,4,18,0,201,124
2008,4,19,6,165,99
2008,4,20,0,221,103
2008,4,21,2,144,28
2008,4,22,0,82,-6
2008,4,23,0,145,-12
2008,4,24,0,186,6
2008,4,25,0,187,65
2008,4,26,0,210,38
2008,4,27,0,233,36
2008,4,28,0,300,72
2008,4,29,0,303,110
2008,4,30,0,235,111
2008,5,1,0,256,92
2008,5,2,0,246,127
2008,5,3,0,195,56
2008,5,4,0,188,51
2008,5,5,0,265,17
2008,5,6,0,281,86
2008,5,7,0,245,174
2008,5,8,0,185,85
2008,5,9,0,171,72
2008,5,10,0,129,9
2008,5,11,6,113,10
2008,5,12,0,161,52
2008,5,13,0,215,23
2008,5,14,0,261,72
2008,5,15,0,261,118
2008,5,16,0,264,86
2008,5,17,0,233,120
2008,5,18,0,242,103
2008,5,19,0,266,48
2008,5,20,0,221,107
2008,5,21,0,266,62
2008,5,22,0,301,127
2008,5,23,0,316,109
2008,5,24,0,311,151
2008,5,25,0,326,118
2008,5,26,0,304,174
2008,5,27,0,249,102
2008,5,28,0,300,97
2008,5,29,0,167,61
2008,5,30,0,243,23
2008,5,31,0,262,123
2008,6,1,0,229,101
2008,6,2,0,238,93
2008,6,3,0,221,95
2008,6,4,0,233,80
2008,6,5,30,196,134
2008,6,6,0,278,112
2008,6,7,0,340,114
2008,6,8,0,342,140
2008,6,9,2,346,168
2008,6,10,0,340,168
2008,6,11,0,326,202
2008,6,12,0,340,181
2008,6,13,80,275,119
2008,6,14,0,234,118
2008,6,15,0,216,148
2008,6,16,0,178,138
2008,6,17,0,232,128
2008,6,18,0,277,174
2008,6,19,0,292,159
2008,6,20,69,252,160
2008,6,21,0,317,140
2008,6,22,9,265,162
2008,6,23,0,268,123
2008,6,24,0,323,139
2008,6,25,0,341,187
2008,6,26,0,324,160
2008,6,27,0,320,207
2008,6,28,64,295,190
2008,6,29,118,258,169
2008,6,30,0,303,150
2008,7,1,13,295,179
2008,7,2,0,351,164
2008,7,3,1,340,171
2008,7,4,25,261,199
2008,7,5,0,297,156
2008,7,6,0,329,155
2008,7,7,0,330,192
2008,7,8,0,327,224
2008,7,9,0,341,199
2008,7,10,0,336,207
2008,7,11,2,296,163
2008,7,12,0,317,154
2008,7,13,42,279,157
2008,7,14,204,200,159
2008,7,15,0,292,137
2008,7,16,0,314,153
2008,7,17,80,273,188
2008,7,18,0,292,169
2008,7,19,0,286,172
2008,7,20,0,289,172
2008,7,21,0,309,171
2008,7,22,0,334,178
2008,7,23,0,337,194
2008,7,24,0,338,206
2008,7,25,0,334,215
2008,7,26,0,358,202
2008,7,27,0,348,200
2008,7,28,118,306,172
2008,7,29,0,283,153
2008,7,30,183,247,183
2008,7,31,191,216,171
2008,8,1,33,298,161
2008,8,2,0,320,151
2008,8,3,0,335,164
2008,8,4,0,326,184
2008,8,5,0,325,182
2008,8,6,0,303,203
2008,8,7,18,265,224
2008,8,8,3,276,199
2008,8,9,244,215,153
2008,8,10,9,194,151
2008,8,11,4,231,135
2008,8,12,0,251,123
2008,8,13,80,226,164
2008,8,14,6,249,161
2008,8,15,4,260,149
2008,8,16,88,225,156
2008,8,17,30,216,154
2008,8,18,1,271,147
2008,8,19,0,278,130
2008,8,20,40,234,157
2008,8,21,3,218,158
2008,8,22,0,281,111
2008,8,23,0,264,118
2008,8,24,0,300,128
2008,8,25,0,271,164
2008,8,26,0,257,141
2008,8,27,0,254,102
2008,8,28,0,283,125
2008,8,29,126,249,131
2008,8,30,0,187,116
2008,8,31,0,229,59
2008,9,1,0,253,83
2008,9,2,0,245,105
2008,9,3,27,251,129
2008,9,4,1,254,101
2008,9,5,0,274,86
2008,9,6,0,237,139
2008,9,7,0,242,158
2008,9,8,192,203,154
2008,9,9,8,219,104
2008,9,10,0,227,63
2008,9,11,0,258,67
2008,9,12,0,266,92
2008,9,13,0,258,95
2008,9,14,66,267,122
2008,9,15,0,260,101
2008,9,16,0,272,97
2008,9,17,0,279,109
2008,9,18,0,258,96
2008,9,19,0,249,133
2008,9,20,0,252,122
2008,9,21,340,216,136
2008,9,22,1,152,122
2008,9,23,0,130,97
2008,9,24,23,143,92
2008,9,25,0,161,80
2008,9,26,0,125,21
2008,9,27,0,131,69
2008,9,28,0,180,71
2008,9,29,0,205,50
2008,9,30,0,225,64
2008,10,1,0,230,60
2008,10,2,0,245,78
2008,10,3,0,215,99
2008,10,4,101,161,52
2008,10,5,2,139,43
2008,10,6,13,151,44
2008,10,7,0,181,26
2008,10,8,0,159,-1
2008,10,9,0,153,22
2008,10,10,0,170,0
2008,10,11,0,181,10
2008,10,12,0,193,18
2008,10,13,0,203,39
2008,10,14,0,193,16
2008,10,15,0,193,16
2008,10,16,0,212,27
2008,10,17,78,225,55
2008,10,18,24,169,47
2008,10,19,0,172,19
2008,10,20,0,150,37
2008,10,21,0,158,98
2008,10,22,50,106,32
2008,10,23,0,47,-18
2008,10,24,0,114,-49
2008,10,25,0,88,-19
2008,10,26,0,103,-31
2008,10,27,0,126,-34
2008,10,28,0,122,-24
2008,10,29,0,129,-29
2008,10,30,0,121,-31
2008,10,31,0,125,-38
2008,11,1,0,80,-11
2008,11,2,0,126,-38
2008,11,3,0,136,-32
2008,11,4,0,139,-25
2008,11,5,0,127,-29
2008,11,6,0,132,-33
2008,11,7,0,126,-34
2008,11,8,0,123,-13
2008,11,9,0,91,-50
2008,11,10,0,109,-45
2008,11,11,1,75,20
2008,11,12,133,58,5
2008,11,13,0,39,-22
2008,11,14,0,79,-46
2008,11,15,0,48,-48
2008,11,16,0,19,-54
2008,11,17,0,-6,-84
2008,11,18,0,-10,-75
2008,11,19,0,36,-99
2008,11,20,0,67,-88
2008,11,21,0,59,-80
2008,11,22,0,51,-70
2008,11,23,0,31,-37
2008,11,24,0,8,-66
2008,11,25,0,30,-94
2008,11,26,0,6,-47
2008,11,27,0,20,-107
2008,11,28,0,37,-88
2008,11,29,0,58,-84
2008,11,30,0,67,-97
2008,12,1,0,57,-41
2008,12,2,0,73,-68
2008,12,3,0,56,-81
2008,12,4,0,-80,-161
2008,12,5,0,-66,-180
2008,12,6,0,-32,-175
2008,12,7,0,-5,-135
2008,12,8,0,42,-100
2008,12,9,0,36,-85
2008,12,10,0,-1,-58
2008,12,11,0,35,-121
2008,12,12,0,10,-58
2008,12,13,0,-20,-127
2008,12,14,0,-2,-125
2008,12,15,0,12,-142
2008,12,16,0,36,-120
2008,12,17,0,-19,-111
2008,12,18,0,4,-152
2008,12,19,0,-8,-83
2008,12,20,1,-47,-165
2008,12,21,0,-155,-244
2008,12,22,0,-107,-237
2008,12,23,0,-81,-219
2008,12,24,0,-37,-167
2008,12,25,0,-53,-158
2008,12,26,0,-20,-159
2008,12,27,0,-14,-107
2008,12,28,6,-36,-115
2008,12,29,0,-73,-186
2008,12,30,0,-76,-178
2008,12,31,0,-68,-177
2009,1,1,0,-51,-202
2009,1,2,0,-24,-149
2009,1,3,0,-24,-121
2009,1,4,0,-37,-149
2009,1,5,1,-54,-153
2009,1,6,0,-57,-152
2009,1,7,2,-76,-175
2009,1,8,0,-95,-146
2009,1,9,0,-67,-177
2009,1,10,0,-59,-200
2009,1,11,0,-78,-154
2009,1,12,0,-68,-186
2009,1,13,0,-46,-210
2009,1,14,0,-50,-186
2009,1,15,0,-26,-203
2009,1,16,0,-31,-163
2009,1,17,0,8,-131
2009,1,18,0,1,-132
2009,1,19,0,5,-156
2009,1,20,0,11,-110
2009,1,21,0,30,-100
2009,1,22,0,-100,-209
2009,1,23,0,-136,-219
2009,1,24,0,-68,-208
2009,1,25,0,-67,-160
2009,1,26,0,-33,-198
2009,1,27,0,37,-157
2009,1,28,0,35,-124
2009,1,29,0,25,-126
2009,1,30,0,59,-129
2009,1,31,0,69,-72
2009,2,1,0,77,-74
2009,2,2,0,43,-36
2009,2,3,0,63,-87
2009,2,4,0,62,-12
2009,2,5,0,76,-84
2009,2,6,0,84,-56
2009,2,7,0,72,-34
2009,2,8,0,63,-76
2009,2,9,0,81,-82
2009,2,10,0,92,-61
2009,2,11,0,107,-88
2009,2,12,0,76,-23
2009,2,13,0,53,-43
2009,2,14,0,2,-89
2009,2,15,0,2,-168
2009,2,16,0,19,-113
2009,2,17,0,52,-111
2009,2,18,0,17,-88
2009,2,19,0,5,-99
2009,2,20,0,0,-162
2009,2,21,0,40,-122
2009,2,22,0,10,-109
2009,2,23,0,54,-75
2009,2,24,0,11,-90
2009,2,25,0,-5,-129
2009,2,26,0,0,-109
2009,2,27,0,46,-134
2009,2,28,0,67,-87
2009,3,1,0,41,-96
2009,3,2,15,8,-31
2009,3,3,4,16,-24
2009,3,4,0,31,-23
2009,3,5,0,3,-67
2009,3,6,0,62,-127
2009,3,7,0,94,-76
2009,3,8,0,118,-72
2009,3,9,0,79,-54
2009,3,10,0,90,-42
2009,3,11,48,47,-36
2009,3,12,0,10,-78
2009,3,13,0,8,-126
2009,3,14,0,92,-98
2009,3,15,0,105,19
2009,3,16,0,156,-30
2009,3,17,0,212,-13
2009,3,18,0,190,-4
2009,3,19,0,160,-13
2009,3,20,0,203,11
2009,3,21,0,162,45
2009,3,22,0,75,-53
2009,3,23,0,105,-19
2009,3,24,0,41,-54
2009,3,25,0,116,-77
2009,3,26,0,100,-19
2009,3,27,0,119,-6
2009,3,28,0,114,-24
2009,3,29,0,79,4
2009,3,30,0,46,-53
2009,3,31,0,68,-66
2009,4,1,0,91,-58
2009,4,2,0,126,-27
2009,4,3,3,136,38
2009,4,4,0,152,34
2009,4,5,0,169,0
2009,4,6,0,186,-4
2009,4,7,0,216,5
2009,4,8,0,236,37
2009,4,9,0,200,120
2009,4,10,178,180,109
2009,4,11,0,212,60
2009,4,12,0,234,65
2009,4,13,0,223,100
2009,4,14,0,251,105
2009,4,15,0,210,42
2009,4,16,0,221,37
2009,4,17,0,264,74
2009,4,18,0,235,158
2009,4,19,0,228,90
2009,4,20,0,137,63
2009,4,21,0,175,30
2009,4,22,0,219,93
2009,4,23,0,190,68
2009,4,24,0,137,48
2009,4,25,0,163,0
2009,4,26,0,206,23
2009,4,27,0,235,76
2009,4,28,0,247,75
2009,4,29,0,268,157
2009,4,30,0,248,82
2009,5,1,5,208,86
2009,5,2,0,227,53
2009,5,3,0,255,42
2009,5,4,0,273,80
2009,5,5,0,305,113
2009,5,6,0,302,136
2009,5,7,0,291,150
2009,5,8,0,259,168
2009,5,9,0,195,92
2009,5,10,0,262,98
2009,5,11,0,229,137
2009,5,12,0,233,101
2009,5,13,0,209,76
2009,5,14,33,174,97
2009,5,15,0,247,85
2009,5,16,0,208,124
2009,5,17,0,242,46
2009,5,18,0,277,85
2009,5,19,0,266,109
2009,5,20,0,288,121
2009,5,21,6,254,109
2009,5,22,0,233,56
2009,5,23,0,277,60
2009,5,24,0,266,128
2009,5,25,0,285,111
2009,5,26,0,294,141
2009,5,27,277,256,115
2009,5,28,24,209,116
2009,5,29,0,178,77
2009,5,30,0,239,53
2009,5,31,0,279,73
2009,6,1,0,311,86
2009,6,2,0,293,110
2009,6,3,0,291,154
2009,6,4,0,300,136
2009,6,5,0,267,140
2009,6,6,18,269,108
2009,6,7,1,262,120
2009,6,8,0,225,125
2009,6,9,9,240,136
2009,6,10,0,282,101
2009,6,11,0,299,113
2009,6,12,0,280,144
2009,6,13,0,291,150
2009,6,14,0,310,153
2009,6,15,0,337,137
2009,6,16,0,309,212
2009,6,17,0,330,184
2009,6,18,64,299,192
2009,6,19,0,250,172
2009,6,20,0,301,108
2009,6,21,0,274,162
2009,6,22,0,274,90
2009,6,23,0,321,166
2009,6,24,0,365,131
2009,6,25,0,358,155
2009,6,26,0,341,193
2009,6,27,0,313,196
2009,6,28,0,293,107
2009,6,29,0,321,125
2009,6,30,0,305,173
2009,7,1,0,321,163
2009,7,2,0,315,146
2009,7,3,0,355,165
2009,7,4,0,309,241
2009,7,5,76,273,179
2009,7,6,0,306,177
2009,7,7,0,306,186
2009,7,8,62,252,171
2009,7,9,0,317,149
2009,7,10,0,327,182
2009,7,11,0,339,196
2009,7,12,0,353,193
2009,7,13,0,305,226
2009,7,14,0,313,164
2009,7,15,0,320,187
2009,7,16,0,267,201
2009,7,17,78,278,189
2009,7,18,0,336,169
2009,7,19,2,308,194
2009,7,20,0,324,160
2009,7,21,0,351,163
2009,7,22,0,307,201
2009,7,23,0,343,167
2009,7,24,0,302,186
2009,7,25,0,295,156
2009,7,26,238,273,169
2009,7,27,8,276,159
2009,7,28,0,303,182
2009,7,29,120,294,189
2009,7,30,204,257,154
2009,7,31,53,288,191
2009,8,1,32,278,189
2009,8,2,0,298,166
2009,8,3,0,282,180
2009,8,4,0,238,171
2009,8,5,0,273,156
2009,8,6,0,293,153
2009,8,7,0,292,182
2009,8,8,123,290,192
2009,8,9,0,277,192
2009,8,10,0,299,121
2009,8,11,0,317,126
2009,8,12,0,342,146
2009,8,13,0,337,152
2009,8,14,8,299,166
2009,8,15,76,280,160
2009,8,16,18,267,161
2009,8,17,0,256,185
2009,8,18,143,253,154
2009,8,19,13,260,149
2009,8,20,0,274,134
2009,8,21,0,241,171
2009,8,22,0,279,128
2009,8,23,0,287,137
2009,8,24,3,240,147
2009,8,25,15,188,138
2009,8,26,0,298,120
2009,8,27,0,249,145
2009,8,28,0,223,119
2009,8,29,0,255,91
2009,8,30,0,298,123
2009,8,31,0,307,167
2009,9,1,0,269,174
2009,9,2,499,236,154
2009,9,3,0,247,183
2009,9,4,14,226,169
2009,9,5,22,191,109
2009,9,6,25,148,103
2009,9,7,56,170,109
2009,9,8,0,216,126
2009,9,9,112,187,93
2009,9,10,3,203,108
2009,9,11,0,193,124
2009,9,12,0,209,76
2009,9,13,0,204,68
2009,9,14,0,255,100
2009,9,15,0,252,69
2009,9,16,0,289,123
2009,9,17,0,282,123
2009,9,18,0,282,127
2009,9,19,33,228,146
2009,9,20,0,164,19
2009,9,21,0,201,16
2009,9,22,0,242,10
2009,9,23,0,250,69
2009,9,24,0,270,64
2009,9,25,0,218,126
2009,9,26,0,246,77
2009,9,27,0,244,95
2009,9,28,0,259,46
2009,9,29,0,260,117
2009,9,30,0,230,147
2009,10,1,0,217,77
2009,10,2,0,235,41
2009,10,3,0,222,65
2009,10,4,0,192,53
2009,10,5,0,231,10
2009,10,6,0,231,26
2009,10,7,4,192,62
2009,10,8,0,162,59
2009,10,9,0,159,22
2009,10,10,0,146,13
2009,10,11,0,159,43
2009,10,12,0,171,20
2009,10,13,0,162,4
2009,10,14,0,197,-13
2009,10,15,0,176,6
2009,10,16,0,119,46
2009,10,17,0,192,-19
2009,10,18,0,149,45
2009,10,19,0,128,-28
2009,10,20,0,123,10
2009,10,21,0,176,-22
2009,10,22,0,173,0
2009,10,23,0,202,-6
2009,10,24,0,198,-2
2009,10,25,0,194,18
2009,10,26,0,149,2
2009,10,27,0,183,1
2009,10,28,0,189,-7
2009,10,29,0,174,6
2009,10,30,0,147,13
2009,10,31,0,99,-4
2009,11,1,0,59,-82
2009,11,2,0,-1,-123
2009,11,3,0,59,-101
2009,11,4,0,101,-78
2009,11,5,0,137,-67
2009,11,6,0,180,-29
2009,11,7,0,178,-13
2009,11,8,0,115,6
2009,11,9,0,109,-17
2009,11,10,0,39,-54
2009,11,11,24,-9,-51
2009,11,12,8,-27,-65
2009,11,13,0,-10,-96
2009,11,14,0,-52,-135
2009,11,15,0,-81,-149
2009,11,16,0,-72,-159
2009,11,17,0,-42,-177
2009,11,18,0,-26,-161
2009,11,19,0,-28,-157
2009,11,20,0,-21,-94
2009,11,21,0,2,-125
2009,11,22,0,19,-134
2009,11,23,0,33,-123
2009,11,24,0,45,-99
2009,11,25,0,29,-111
2009,11,26,0,36,-49
2009,11,27,0,22,-77
2009,11,28,0,7,-112
2009,11,29,0,5,-86
2009,11,30,0,9,-87
2009,12,1,0,3,-93
2009,12,2,0,-10,-62
2009,12,3,0,21,-112
2009,12,4,0,-19,-96
2009,12,5,0,-15,-165
2009,12,6,0,9,-158
2009,12,7,0,15,-113
2009,12,8,0,9,-136
2009,12,9,0,7,-125
2009,12,10,0,-7,-66
2009,12,11,0,-21,-125
2009,12,12,0,-43,-156
2009,12,13,0,-18,-106
2009,12,14,0,-33,-111
2009,12,15,0,-52,-159
2009,12,16,0,-61,-145
2009,12,17,0,-82,-176
2009,12,18,0,-105,-197
2009,12,19,0,-100,-203
2009,12,20,0,-75,-197
2009,12,21,0,-58,-196
2009,12,22,0,-18,-165
2009,12,23,0,10,-118
2009,12,24,0,-28,-142
2009,12,25,0,-117,-182
2009,12,26,0,-105,-169
2009,12,27,0,-76,-198
2009,12,28,0,-14,-166
2009,12,29,0,-34,-127
2009,12,30,0,-93,-161
2009,12,31,0,-47,-203
2010,1,1,0,5,-154
2010,1,2,1,-11,-135
2010,1,3,7,-31,-160
2010,1,4,0,-138,-240
2010,1,5,0,-92,-177
2010,1,6,4,-83,-150
2010,1,7,1,-64,-164
2010,1,8,0,-29,-154
2010,1,9,0,-51,-147
2010,1,10,0,-60,-148
2010,1,11,0,-88,-193
2010,1,12,0,-127,-204
2010,1,13,0,-107,-260
2010,1,14,0,-53,-193
2010,1,15,0,-35,-211
2010,1,16,0,11,-165
2010,1,17,0,23,-146
2010,1,18,0,58,-132
2010,1,19,0,57,-97
2010,1,20,0,-38,-146
2010,1,21,0,-99,-183
2010,1,22,0,-85,-203
2010,1,23,0,-60,-206
2010,1,24,0,-54,-193
2010,1,25,0,-44,-204
2010,1,26,0,-30,-193
2010,1,27,0,4,-128
2010,1,28,0,-23,-139
2010,1,29,0,-32,-179
2010,1,30,0,-17,-180
2010,1,31,0,-6,-148
2010,2,1,0,-17,-132
2010,2,2,0,-44,-115
2010,2,3,0,-45,-157
2010,2,4,0,-8,-170
2010,2,5,0,35,-138
2010,2,6,8,-2,-90
2010,2,7,0,33,-124
2010,2,8,0,60,-66
2010,2,9,0,-2,-106
2010,2,10,0,-49,-133
2010,2,11,0,-83,-136
2010,2,12,0,-68,-169
2010,2,13,0,-15,-173
2010,2,14,0,-64,-147
2010,2,15,0,-37,-180
2010,2,16,1,-10,-161
2010,2,17,0,-31,-154
2010,2,18,0,12,-160
2010,2,19,0,64,-145
2010,2,20,0,79,-99
2010,2,21,0,76,-67
2010,2,22,0,117,-89
2010,2,23,0,163,-40
2010,2,24,0,119,22
2010,2,25,0,126,-25
2010,2,26,0,118,7
2010,2,27,0,119,-34
2010,2,28,0,26,-33
2010,3,1,0,29,-56
2010,3,2,0,39,-83
2010,3,3,0,67,-66
2010,3,4,6,47,-72
2010,3,5,0,-54,-146
2010,3,6,0,18,-85
2010,3,7,23,-6,-83
2010,3,8,3,-83,-141
2010,3,9,0,-29,-160
2010,3,10,0,22,-139
2010,3,11,0,89,-69
2010,3,12,0,64,-55
2010,3,13,0,125,-55
2010,3,14,0,87,15
2010,3,15,0,16,-78
2010,3,16,0,54,-87
2010,3,17,0,58,-50
2010,3,18,0,130,-42
2010,3,19,0,151,14
2010,3,20,0,59,-39
2010,3,21,5,80,-22
2010,3,22,0,75,-6
2010,3,23,0,99,-70
2010,3,24,0,58,-37
2010,3,25,0,57,-101
2010,3,26,0,119,-87
2010,3,27,0,118,-22
2010,3,28,0,148,-54
2010,3,29,51,109,36
2010,3,30,1,114,29
2010,3,31,0,100,6
2010,4,1,0,55,-65
2010,4,2,0,88,-43
2010,4,3,0,168,-33
2010,4,4,0,164,1
2010,4,5,0,119,-10
2010,4,6,0,112,-31
2010,4,7,0,194,-2
2010,4,8,0,208,67
2010,4,9,0,136,15
2010,4,10,0,114,-31
2010,4,11,0,116,16
2010,4,12,0,43,-56
2010,4,13,0,51,-88
2010,4,14,0,108,-13
2010,4,15,0,141,-3
2010,4,16,0,168,39
2010,4,17,0,199,38
2010,4,18,0,215,52
2010,4,19,0,195,61
2010,4,20,0,183,104
2010,4,21,71,151,57
2010,4,22,0,111,13
2010,4,23,0,162,-17
2010,4,24,0,226,27
2010,4,25,7,186,13
2010,4,26,0,38,-20
2010,4,27,2,87,6
2010,4,28,0,121,-8
2010,4,29,0,163,21
2010,4,30,0,215,0
2010,5,1,0,290,76
2010,5,2,0,275,138
2010,5,3,0,251,118
2010,5,4,33,211,121
2010,5,5,26,143,83
2010,5,6,0,233,27
2010,5,7,0,218,91
2010,5,8,0,230,95
2010,5,9,0,144,49
2010,5,10,0,188,19
2010,5,11,0,207,39
2010,5,12,0,266,60
2010,5,13,0,239,140
2010,5,14,24,215,122
2010,5,15,0,238,118
2010,5,16,282,218,111
2010,5,17,13,158,101
2010,5,18,0,203,48
2010,5,19,0,253,51
2010,5,20,0,287,70
2010,5,21,0,282,132
2010,5,22,0,282,152
2010,5,23,0,278,111
2010,5,24,0,251,103
2010,5,25,0,265,150
2010,5,26,249,241,129
2010,5,27,12,223,114
2010,5,28,0,236,103
2010,5,29,0,264,94
2010,5,30,0,247,123
2010,5,31,0,286,136
2010,6,1,0,288,123
2010,6,2,0,318,156
2010,6,3,0,285,154
2010,6,4,0,295,179
2010,6,5,0,318,165
2010,6,6,0,290,187
2010,6,7,0,275,183
2010,6,8,12,238,144
2010,6,9,1,190,139
2010,6,10,0,278,133
2010,6,11,0,333,147
2010,6,12,0,324,158
2010,6,13,0,303,157
2010,6,14,0,324,163
2010,6,15,0,356,148
2010,6,16,0,292,207
2010,6,17,0,264,163
2010,6,18,0,302,153
2010,6,19,6,325,182
2010,6,20,0,322,171
2010,6,21,0,364,165
2010,6,22,0,339,199
2010,6,23,0,349,206
2010,6,24,0,346,195
2010,6,25,0,332,207
2010,6,26,0,320,219
2010,6,27,0,337,205
2010,6,28,0,349,203
2010,6,29,7,307,219
2010,6,30,0,232,198
2010,7,1,0,332,193
2010,7,2,0,323,188
2010,7,3,0,345,197
2010,7,4,0,354,255
2010,7,5,0,355,208
2010,7,6,0,359,176
2010,7,7,0,317,245
2010,7,8,0,314,178
2010,7,9,67,318,193
2010,7,10,76,318,159
2010,7,11,0,340,202
2010,7,12,0,355,203
2010,7,13,0,364,213
2010,7,14,18,335,205
2010,7,15,7,287,190
2010,7,16,83,314,207
2010,7,17,0,313,170
2010,7,18,0,337,175
2010,7,19,0,335,191
2010,7,20,0,357,187
2010,7,21,0,368,188
2010,7,22,0,362,239
2010,7,23,0,351,248
2010,7,24,0,350,223
2010,7,25,0,347,221
2010,7,26,0,350,235
2010,7,27,0,364,242
2010,7,28,0,378,252
2010,7,29,0,401,254
2010,7,30,0,392,263
2010,7,31,156,326,176
2010,8,1,0,288,177
2010,8,2,84,269,205
2010,8,3,157,266,222
2010,8,4,5,269,195
2010,8,5,0,242,132
2010,8,6,0,269,128
2010,8,7,301,244,176
2010,8,8,0,275,178
2010,8,9,2,284,154
2010,8,10,0,297,134
2010,8,11,13,292,197
2010,8,12,0,303,187
2010,8,13,0,296,132
2010,8,14,0,250,155
2010,8,15,0,284,123
2010,8,16,0,305,142
2010,8,17,28,283,185
2010,8,18,22,254,187
2010,8,19,0,284,150
2010,8,20,0,275,158
2010,8,21,43,238,152
2010,8,22,0,260,134
2010,8,23,0,282,117
2010,8,24,0,290,142
2010,8,25,7,301,140
2010,8,26,0,277,150
2010,8,27,0,295,137
2010,8,28,0,312,138
2010,8,29,0,307,153
2010,8,30,0,259,184
2010,8,31,0,290,132
2010,9,1,0,290,139
2010,9,2,7,287,149
2010,9,3,0,275,119
2010,9,4,0,273,129
2010,9,5,0,277,136
2010,9,6,0,288,147
2010,9,7,16,230,157
2010,9,8,316,174,130
2010,9,9,0,197,85
2010,9,10,0,253,109
2010,9,11,0,269,119
2010,9,12,0,267,135
2010,9,13,0,277,154
2010,9,14,0,271,180
2010,9,15,0,242,197
2010,9,16,34,225,151
2010,9,17,17,194,138
2010,9,18,9,205,146
2010,9,19,0,250,140
2010,9,20,258,208,125
2010,9,21,16,147,106
2010,9,22,0,185,43
2010,9,23,0,200,60
2010,9,24,1,189,73
2010,9,25,0,206,95
2010,9,26,0,183,42
2010,9,27,0,182,63
2010,9,28,0,162,6
2010,9,29,0,176,26
2010,9,30,0,193,70
2010,10,1,257,163,86
2010,10,2,2,143,42
2010,10,3,0,178,31
2010,10,4,0,210,36
2010,10,5,0,227,35
2010,10,6,0,239,53
2010,10,7,0,237,67
2010,10,8,0,254,92
2010,10,9,0,224,92
2010,10,10,13,190,90
2010,10,11,0,145,31
2010,10,12,0,155,20
2010,10,13,0,182,15
2010,10,14,0,152,34
2010,10,15,0,174,-6
2010,10,16,0,189,6
2010,10,17,0,186,5
2010,10,18,6,168,29
2010,10,19,0,155,31
2010,10,20,0,183,-7
2010,10,21,0,147,46
2010,10,22,155,118,97
2010,10,23,2,127,63
2010,10,24,0,75,3
2010,10,25,0,73,-31
2010,10,26,0,34,-19
2010,10,27,0,44,-16
2010,10,28,0,91,-31
2010,10,29,0,107,-25
2010,10,30,0,114,-19
2010,10,31,0,123,-25
2010,11,1,0,84,8
2010,11,2,0,95,-33
2010,11,3,0,124,-38
2010,11,4,0,128,-6
2010,11,5,0,138,-37
2010,11,6,0,88,-22
2010,11,7,0,72,10
2010,11,8,0,84,-15
2010,11,9,0,107,-35
2010,11,10,0,105,-36
2010,11,11,0,48,-24
2010,11,12,0,62,-37
2010,11,13,0,17,-73
2010,11,14,0,4,-71
2010,11,15,0,24,-104
2010,11,16,0,56,-89
2010,11,17,0,87,-74
2010,11,18,0,55,-39
2010,11,19,0,99,-28
2010,11,20,0,120,-40
2010,11,21,0,83,-51
2010,11,22,0,38,-100
2010,11,23,0,56,-73
2010,11,24,0,31,-89
2010,11,25,0,9,-99
2010,11,26,0,61,-94
2010,11,27,0,6,-91
2010,11,28,0,49,-90
2010,11,29,0,77,-73
2010,11,30,0,72,-76
2010,12,1,0,86,-71
2010,12,2,0,31,-67
2010,12,3,0,47,-96
2010,12,4,0,96,-80
2010,12,5,0,55,-59
2010,12,6,0,-22,-121
2010,12,7,0,9,-116
2010,12,8,0,30,-46
2010,12,9,0,23,-79
2010,12,10,0,17,-88
2010,12,11,0,-21,-149
2010,12,12,0,-43,-123
2010,12,13,0,-92,-162
2010,12,14,0,-106,-174
2010,12,15,0,-112,-200
2010,12,16,0,-56,-188
2010,12,17,0,-3,-159
2010,12,18,0,-5,-154
2010,12,19,0,16,-111
2010,12,20,0,17,-130
2010,12,21,0,30,-126
2010,12,22,0,0,-115
2010,12,23,0,-91,-189
2010,12,24,0,-88,-189
2010,12,25,0,-87,-139
2010,12,26,0,-61,-187
2010,12,27,0,-65,-125
2010,12,28,0,-64,-166
2010,12,29,0,-68,-140
2010,12,30,0,-138,-171
2010,12,31,0,-112,-223
2011,1,1,0,-90,-229
2011,1,2,0,-70,-151
2011,1,3,2,-68,-131
2011,1,4,4,-82,-190
2011,1,5,0,-142,-210
2011,1,6,0,-100,-201
2011,1,7,0,-79,-214
2011,1,8,0,-98,-154
2011,1,9,0,-95,-191
2011,1,10,0,-97,-215
2011,1,11,0,-81,-191
2011,1,12,0,-65,-220
2011,1,13,0,-61,-184
2011,1,14,0,-98,-185
2011,1,15,0,-96,-197
2011,1,16,0,-79,-203
2011,1,17,0,-106,-203
2011,1,18,0,-87,-207
2011,1,19,0,-77,-190
2011,1,20,0,-72,-188
2011,1,21,0,-58,-182
2011,1,22,0,-100,-174
2011,1,23,0,-93,-189
2011,1,24,0,-77,-209
2011,1,25,0,-62,-185
2011,1,26,0,-39,-164
2011,1,27,0,-54,-123
2011,1,28,0,-81,-158
2011,1,29,0,-64,-195
2011,1,30,0,-38,-174
2011,1,31,0,-27,-179
2011,2,1,0,-16,-181
2011,2,2,0,-7,-139
2011,2,3,0,11,-143
2011,2,4,0,24,-105
2011,2,5,0,48,-76
2011,2,6,0,42,-104
2011,2,7,0,52,-66
2011,2,8,0,40,-67
2011,2,9,0,14,-66
2011,2,10,3,0,-69
2011,2,11,0,-8,-118
2011,2,12,1,-46,-92
2011,2,13,0,-51,-168
2011,2,14,0,-18,-177
2011,2,15,0,17,-148
2011,2,16,0,40,-17
2011,2,17,0,25,-95
2011,2,18,0,40,-115
2011,2,19,0,65,-90
2011,2,20,0,77,-71
2011,2,21,0,85,-1
2011,2,22,0,105,-28
2011,2,23,0,116,-43
2011,2,24,0,61,-51
2011,2,25,55,55,-70
2011,2,26,81,23,-48
2011,2,27,0,18,-60
2011,2,28,0,-16,-86
2011,3,1,0,3,-110
2011,3,2,0,1,-99
2011,3,3,0,21,-109
2011,3,4,0,24,-83
2011,3,5,0,69,-75
2011,3,6,0,63,-58
2011,3,7,0,49,-77
2011,3,8,0,19,-54
2011,3,9,0,64,-89
2011,3,10,0,100,-52
2011,3,11,0,130,-50
2011,3,12,0,175,-30
2011,3,13,0,92,-40
2011,3,14,0,9,-59
2011,3,15,0,33,-71
2011,3,16,0,90,-81
2011,3,17,0,107,-41
2011,3,18,0,47,-32
2011,3,19,0,52,-63
2011,3,20,0,56,-32
2011,3,21,0,1,-86
2011,3,22,0,32,-110
2011,3,23,0,9,-63
2011,3,24,0,46,-69
2011,3,25,0,69,-83
2011,3,26,0,78,-52
2011,3,27,0,115,-48
2011,3,28,0,144,-26
2011,3,29,0,166,-13
2011,3,30,0,189,-23
2011,3,31,0,200,18
2011,4,1,5,122,22
2011,4,2,0,99,-34
2011,4,3,0,108,-36
2011,4,4,0,140,-28
2011,4,5,19,104,22
2011,4,6,5,130,20
2011,4,7,0,109,-3
2011,4,8,0,141,-10
2011,4,9,0,164,19
2011,4,10,0,115,-14
2011,4,11,0,170,-19
2011,4,12,0,230,0
2011,4,13,0,225,86
2011,4,14,0,239,54
2011,4,15,0,207,87
2011,4,16,0,239,27
2011,4,17,0,168,54
2011,4,18,0,204,23
2011,4,19,0,251,35
2011,4,20,0,241,107
2011,4,21,0,177,77
2011,4,22,0,162,78
2011,4,23,0,139,64
2011,4,24,0,204,43
2011,4,25,0,208,104
2011,4,26,0,150,70
2011,4,27,0,182,41
2011,4,28,0,261,34
2011,4,29,0,210,140
2011,4,30,0,165,58
2011,5,1,0,180,67
2011,5,2,0,207,55
2011,5,3,0,160,59
2011,5,4,18,198,74
2011,5,5,0,176,58
2011,5,6,0,202,24
2011,5,7,0,221,57
2011,5,8,61,189,116
2011,5,9,0,164,112
2011,5,10,0,245,48
2011,5,11,0,218,78
2011,5,12,0,170,24
2011,5,13,0,214,26
2011,5,14,0,249,55
2011,5,15,0,268,63
2011,5,16,0,288,63
2011,5,17,0,278,135
2011,5,18,0,237,146
2011,5,19,0,188,89
2011,5,20,0,197,71
2011,5,21,0,190,47
2011,5,22,0,238,32
2011,5,23,0,261,44
2011,5,24,0,272,128
2011,5,25,0,266,104
2011,5,26,0,259,111
2011,5,27,0,298,86
2011,5,28,0,316,130
2011,5,29,0,291,200
2011,5,30,0,243,114
2011,5,31,0,232,129
2011,6,1,0,277,88
2011,6,2,0,328,102
2011,6,3,0,299,143
2011,6,4,0,296,161
2011,6,5,0,310,195
2011,6,6,5,321,150
2011,6,7,0,323,162
2011,6,8,0,290,155
2011,6,9,0,298,172
2011,6,10,64,259,168
2011,6,11,0,265,114
2011,6,12,0,287,114
2011,6,13,0,313,143
2011,6,14,0,340,156
2011,6,15,13,300,194
2011,6,16,0,328,179
2011,6,17,0,320,174
2011,6,18,0,317,209
2011,6,19,0,314,211
2011,6,20,0,321,193
2011,6,21,19,296,195
2011,6,22,47,305,168
2011,6,23,0,265,164
2011,6,24,0,297,182
2011,6,25,0,287,171
2011,6,26,3,278,187
2011,6,27,0,308,182
2011,6,28,0,325,169
2011,6,29,75,301,171
2011,6,30,2,294,152
2011,7,1,0,283,183
2011,7,2,0,282,179
2011,7,3,0,317,169
2011,7,4,5,296,203
2011,7,5,1,309,180
2011,7,6,0,281,182
2011,7,7,1,230,98
2011,7,8,0,281,165
2011,7,9,0,310,161
2011,7,10,0,327,167
2011,7,11,37,281,177
2011,7,12,0,331,135
2011,7,13,0,335,158
2011,7,14,0,328,178
2011,7,15,0,333,181
2011,7,16,0,315,186
2011,7,17,0,285,172
2011,7,18,26,285,156
2011,7,19,0,301,151
2011,7,20,0,321,179
2011,7,21,0,321,191
2011,7,22,0,338,194
2011,7,23,0,336,209
2011,7,24,152,306,190
2011,7,25,0,325,179
2011,7,26,30,304,180
2011,7,27,0,315,164
2011,7,28,0,268,207
2011,7,29,40,259,161
2011,7,30,0,326,147
2011,7,31,0,339,148
2011,8,1,0,353,156
2011,8,2,10,346,169
2011,8,3,0,354,174
2011,8,4,1,331,212
2011,8,5,4,298,200
2011,8,6,0,325,201
2011,8,7,0,347,217
2011,8,8,0,349,176
2011,8,9,0,359,198
2011,8,10,0,346,196
2011,8,11,10,337,227
2011,8,12,0,355,218
2011,8,13,0,328,223
2011,8,14,307,291,185
2011,8,15,13,231,192
2011,8,16,0,282,145
2011,8,17,11,239,172
2011,8,18,0,265,142
2011,8,19,0,277,144
2011,8,20,0,270,140
2011,8,21,0,281,179
2011,8,22,54,270,184
2011,8,23,11,242,169
2011,8,24,95,215,147
2011,8,25,0,235,149
2011,8,26,0,251,138
2011,8,27,0,254,154
2011,8,28,0,309,161
2011,8,29,0,319,158
2011,8,30,0,318,157
2011,8,31,0,310,206
2011,9,1,0,275,160
2011,9,2,0,263,155
2011,9,3,0,267,149
2011,9,4,0,275,152
2011,9,5,0,283,149
2011,9,6,0,257,166
2011,9,7,43,216,112
2011,9,8,0,166,88
2011,9,9,0,141,66
2011,9,10,0,200,34
2011,9,11,3,233,43
2011,9,12,30,272,147
2011,9,13,2,275,120
2011,9,14,11,249,136
2011,9,15,3,222,120
2011,9,16,0,158,84
2011,9,17,0,138,34
2011,9,18,0,145,43
2011,9,19,0,176,11
2011,9,20,0,198,39
2011,9,21,0,215,61
2011,9,22,0,218,46
2011,9,23,0,229,74
2011,9,24,0,244,65
2011,9,25,0,246,54
2011,9,26,0,234,99
2011,9,27,0,207,146
2011,9,28,215,191,121
2011,9,29,0,163,55
2011,9,30,0,162,30
2011,10,1,0,145,31
2011,10,2,0,145,21
2011,10,3,0,174,-2
2011,10,4,0,175,54
2011,10,5,0,213,32
2011,10,6,0,227,13
2011,10,7,0,232,39
2011,10,8,0,184,61
2011,10,9,0,218,94
2011,10,10,0,228,72
2011,10,11,0,180,74
2011,10,12,129,154,93
2011,10,13,4,97,46
2011,10,14,9,78,10
2011,10,15,0,144,26
2011,10,16,0,176,14
2011,10,17,0,188,36
2011,10,18,0,200,8
2011,10,19,0,201,58
2011,10,20,0,205,54
2011,10,21,0,188,51
2011,10,22,0,160,69
2011,10,23,16,85,24
2011,10,24,0,88,-22
2011,10,25,0,89,-39
2011,10,26,24,83,30
2011,10,27,0,139,-23
2011,10,28,0,133,-21
2011,10,29,0,140,1
2011,10,30,0,164,22
2011,10,31,0,135,74
2011,11,1,0,131,50
2011,11,2,0,101,0
2011,11,3,298,91,80
2011,11,4,20,94,51
2011,11,5,125,75,31
2011,11,6,0,90,17
2011,11,7,0,77,44
2011,11,8,0,89,0
2011,11,9,0,88,-2
2011,11,10,0,85,-38
2011,11,11,0,60,0
2011,11,12,0,61,-44
2011,11,13,0,56,-64
2011,11,14,0,91,-35
2011,11,15,0,103,-45
2011,11,16,0,83,-22
2011,11,17,7,107,57
2011,11,18,0,65,-4
2011,11,19,0,5,-70
2011,11,20,0,34,-96
2011,11,21,5,26,-75
2011,11,22,5,8,-72
2011,11,23,0,-24,-131
2011,11,24,0,46,-92
2011,11,25,0,59,-68
2011,11,26,0,62,-19
2011,11,27,0,21,-63
2011,11,28,0,32,-52
2011,11,29,0,41,-25
2011,11,30,0,18,-96
2011,12,1,0,-1,-75
2011,12,2,0,4,-59
2011,12,3,0,-7,-129
2011,12,4,0,0,-97
2011,12,5,2,6,-17
2011,12,6,3,9,-10
2011,12,7,0,-10,-109
2011,12,8,0,-61,-148
2011,12,9,0,-61,-137
2011,12,10,0,-20,-144
2011,12,11,0,-5,-132
2011,12,12,0,-13,-134
2011,12,13,0,5,-119
2011,12,14,0,-72,-143
2011,12,15,0,-70,-156
2011,12,16,0,-86,-194
2011,12,17,0,-42,-182
2011,12,18,0,-41,-159
2011,12,19,0,-16,-121
2011,12,20,0,-30,-125
2011,12,21,0,-50,-112
2011,12,22,0,-39,-157
2011,12,23,0,-29,-137
2011,12,24,0,-26,-147
2011,12,25,0,-11,-148
2011,12,26,0,-45,-157
2011,12,27,0,-12,-121
2011,12,28,0,-27,-123
2011,12,29,0,-13,-143
2011,12,30,0,-15,-140
2011,12,31,0,-11,-103
2012,1,1,0,-24,-146
2012,1,2,0,-50,-121
2012,1,3,0,-80,-160
2012,1,4,0,-66,-199
2012,1,5,0,-41,-192
2012,1,6,0,-43,-171
2012,1,7,0,-43,-153
2012,1,8,0,-37,-152
2012,1,9,0,-30,-158
2012,1,10,0,-37,-140
2012,1,11,0,-43,-191
2012,1,12,0,-35,-178
2012,1,13,0,-28,-153
2012,1,14,0,-24,-144
2012,1,15,0,-12,-141
2012,1,16,0,-8,-146
2012,1,17,0,-13,-148
2012,1,18,0,-27,-146
2012,1,19,0,-43,-104
2012,1,20,0,-81,-153
2012,1,21,0,-97,-190
2012,1,22,0,-99,-203
2012,1,23,0,-86,-208
2012,1,24,0,-69,-210
2012,1,25,0,-45,-204
2012,1,26,0,-33,-195
2012,1,27,0,-20,-176
2012,1,28,0,-52,-127
2012,1,29,0,-34,-167
2012,1,30,0,-15,-175
2012,1,31,0,-47,-123
2012,2,1,0,-85,-181
2012,2,2,0,-60,-189
2012,2,3,0,-31,-154
2012,2,4,0,-21,-177
2012,2,5,0,-10,-138
2012,2,6,0,-44,-184
2012,2,7,0,-83,-191
2012,2,8,0,-54,-170
2012,2,9,0,-43,-162
2012,2,10,0,-24,-188
2012,2,11,0,-6,-146
2012,2,12,0,25,-135
2012,2,13,0,33,-114
2012,2,14,0,-4,-119
2012,2,15,0,-18,-122
2012,2,16,0,-50,-154
2012,2,17,0,-58,-147
2012,2,18,0,-30,-168
2012,2,19,0,14,-181
2012,2,20,0,64,-146
2012,2,21,0,100,-120
2012,2,22,0,66,-32
2012,2,23,0,36,-102
2012,2,24,0,19,-62
2012,2,25,0,-35,-130
2012,2,26,0,3,-128
2012,2,27,0,30,-119
2012,2,28,0,63,-101
2012,2,29,0,90,-54
2012,3,1,0,67,-38
2012,3,2,0,27,-61
2012,3,3,3,37,-10
2012,3,4,18,18,-13
2012,3,5,16,-2,-68
2012,3,6,0,17,-132
2012,3,7,0,2,-96
2012,3,8,0,7,-106
2012,3,9,0,55,-112
2012,3,10,0,7,-98
2012,3,11,0,3,-141
2012,3,12,0,58,-93
2012,3,13,0,95,-68
2012,3,14,0,106,-60
2012,3,15,43,77,-30
2012,3,16,0,127,-16
2012,3,17,0,84,-10
2012,3,18,0,44,-57
2012,3,19,0,93,-45
2012,3,20,0,98,-32
2012,3,21,12,69,-5
2012,3,22,6,80,6
2012,3,23,0,69,-33
2012,3,24,0,126,-43
2012,3,25,0,140,-41
2012,3,26,0,164,-33
2012,3,27,0,166,10
2012,3,28,64,158,-16
2012,3,29,0,101,29
2012,3,30,0,78,-41
2012,3,31,0,158,-10
2012,4,1,0,153,-21
2012,4,2,0,104,24
2012,4,3,0,135,-51
2012,4,4,0,148,0
2012,4,5,0,150,37
2012,4,6,0,189,13
2012,4,7,0,199,7
2012,4,8,0,198,34
2012,4,9,0,203,52
2012,4,10,0,171,78
2012,4,11,0,84,8
2012,4,12,0,169,-8
2012,4,13,0,193,25
2012,4,14,0,215,19
2012,4,15,0,177,85
2012,4,16,0,200,0
2012,4,17,0,238,42
2012,4,18,0,212,120
2012,4,19,0,173,95
2012,4,20,0,202,53
2012,4,21,0,216,51
2012,4,22,0,272,54
2012,4,23,8,236,119
2012,4,24,0,156,103
2012,4,25,0,143,22
2012,4,26,0,215,26
2012,4,27,0,195,53
2012,4,28,0,237,73
2012,4,29,0,288,59
2012,4,30,0,234,151
2012,5,1,0,237,104
2012,5,2,0,272,96
2012,5,3,0,279,107
2012,5,4,0,308,124
2012,5,5,0,287,119
2012,5,6,0,315,106
2012,5,7,0,303,170
2012,5,8,0,312,141
2012,5,9,0,297,164
2012,5,10,3,273,143
2012,5,11,158,233,140
2012,5,12,0,185,91
2012,5,13,0,158,58
2012,5,14,0,171,23
2012,5,15,0,229,39
2012,5,16,0,232,92
2012,5,17,0,280,65
2012,5,18,0,304,126
2012,5,19,0,316,119
2012,5,20,0,320,191
2012,5,21,50,280,127
2012,5,22,0,193,95
2012,5,23,0,207,53
2012,5,24,0,241,71
2012,5,25,0,241,141
2012,5,26,0,274,87
2012,5,27,0,305,102
2012,5,28,1,296,157
2012,5,29,170,184,85
2012,5,30,0,220,58
2012,5,31,28,232,133
2012,6,1,0,251,96
2012,6,2,0,243,137
2012,6,3,95,273,128
2012,6,4,0,300,107
2012,6,5,0,296,141
2012,6,6,95,222,157
2012,6,7,0,216,122
2012,6,8,0,282,111
2012,6,9,0,254,124
2012,6,10,0,222,95
2012,6,11,0,255,92
2012,6,12,0,281,134
2012,6,13,0,249,146
2012,6,14,0,235,125
2012,6,15,0,275,127
2012,6,16,0,305,113
2012,6,17,0,343,135
2012,6,18,0,347,181
2012,6,19,0,321,186
2012,6,20,0,310,190
2012,6,21,5,300,175
2012,6,22,0,336,165
2012,6,23,149,303,161
2012,6,24,6,274,167
2012,6,25,0,297,154
2012,6,26,15,237,181
2012,6,27,116,220,182
2012,6,28,286,237,162
2012,6,29,0,273,162
2012,6,30,0,300,148
2012,7,1,0,331,155
2012,7,2,0,323,187
2012,7,3,0,287,183
2012,7,4,11,317,170
2012,7,5,0,344,196
2012,7,6,0,347,172
2012,7,7,6,302,201
2012,7,8,0,296,181
2012,7,9,0,312,171
2012,7,10,0,343,187
2012,7,11,0,318,176
2012,7,12,0,307,196
2012,7,13,0,298,191
2012,7,14,93,266,173
2012,7,15,0,291,166
2012,7,16,0,306,188
2012,7,17,0,300,200
2012,7,18,9,277,199
2012,7,19,4,267,209
2012,7,20,21,323,176
2012,7,21,457,261,177
2012,7,22,0,272,165
2012,7,23,0,278,162
2012,7,24,0,298,177
2012,7,25,82,299,193
2012,7,26,0,311,187
2012,7,27,234,274,194
2012,7,28,218,281,178
2012,7,29,0,288,194
2012,7,30,70,253,182
2012,7,31,0,286,152
2012,8,1,0,302,194
2012,8,2,52,286,161
2012,8,3,0,299,172
2012,8,4,0,307,176
2012,8,5,0,297,200
2012,8,6,62,267,193
2012,8,7,287,246,195
2012,8,8,3,308,190
2012,8,9,0,293,169
2012,8,10,0,282,158
2012,8,11,243,253,168
2012,8,12,0,284,167
2012,8,13,0,258,157
2012,8,14,36,256,176
2012,8,15,0,253,145
2012,8,16,0,265,158
2012,8,17,0,285,201
2012,8,18,72,259,169
2012,8,19,0,289,158
2012,8,20,0,265,157
2012,8,21,0,228,100
2012,8,22,0,265,65
2012,8,23,0,270,132
2012,8,24,0,274,162
2012,8,25,20,261,162
2012,8,26,0,274,153
2012,8,27,0,280,180
2012,8,28,0,308,148
2012,8,29,0,322,130
2012,8,30,0,291,150
2012,8,31,24,253,173
2012,9,1,197,225,123
2012,9,2,13,211,96
2012,9,3,0,191,108
2012,9,4,0,195,63
2012,9,5,0,229,58
2012,9,6,0,251,88
2012,9,7,0,253,96
2012,9,8,0,254,101
2012,9,9,0,264,126
2012,9,10,73,222,119
2012,9,11,91,180,107
2012,9,12,0,170,68
2012,9,13,0,199,63
2012,9,14,0,201,59
2012,9,15,0,209,69
2012,9,16,0,177,94
2012,9,17,0,195,106
2012,9,18,3,222,101
2012,9,19,4,239,81
2012,9,20,2,214,95
2012,9,21,31,196,120
2012,9,22,0,230,81
2012,9,23,0,248,113
2012,9,24,108,194,136
2012,9,25,1,199,114
2012,9,26,15,205,77
2012,9,27,0,136,79
2012,9,28,0,158,32
2012,9,29,0,180,31
2012,9,30,0,201,34
2012,10,1,0,222,24
2012,10,2,0,221,55
2012,10,3,0,197,55
2012,10,4,50,127,61
2012,10,5,0,164,37
2012,10,6,0,183,26
2012,10,7,0,183,56
2012,10,8,15,171,58
2012,10,9,0,143,59
2012,10,10,0,166,-9
2012,10,11,0,204,6
2012,10,12,0,188,14
2012,10,13,0,135,17
2012,10,14,0,154,-7
2012,10,15,3,144,57
2012,10,16,20,113,8
2012,10,17,0,117,-53
2012,10,18,0,113,-25
2012,10,19,0,161,-39
2012,10,20,0,168,8
2012,10,21,65,92,50
2012,10,22,0,112,-20
2012,10,23,0,165,-26
2012,10,24,0,162,-15
2012,10,25,0,173,-17
2012,10,26,0,125,27
2012,10,27,0,132,3
2012,10,28,0,149,-20
2012,10,29,0,78,18
2012,10,30,0,86,-69
2012,10,31,0,121,-35
2012,11,1,0,130,-44
2012,11,2,0,156,-28
2012,11,3,54,88,-72
2012,11,4,0,-32,-98
2012,11,5,0,7,-108
2012,11,6,0,34,-95
2012,11,7,0,62,-49
2012,11,8,0,74,-67
2012,11,9,46,56,3
2012,11,10,14,8,-56
2012,11,11,0,-3,-73
2012,11,12,0,13,-99
2012,11,13,0,1,-107
2012,11,14,0,17,-108
2012,11,15,4,10,-75
2012,11,16,0,22,-94
2012,11,17,0,22,-97
2012,11,18,0,38,-69
2012,11,19,0,22,-103
2012,11,20,0,40,-84
2012,11,21,0,39,-61
2012,11,22,0,17,-47
2012,11,23,2,-9,-91
2012,11,24,0,20,-119
2012,11,25,0,-1,-54
2012,11,26,0,22,-109
2012,11,27,0,14,-98
2012,11,28,0,-34,-120
2012,11,29,0,-18,-159
2012,11,30,0,-24,-150
2012,12,1,4,2,-70
2012,12,2,0,3,-99
2012,12,3,0,-36,-118
2012,12,4,0,-38,-135
2012,12,5,0,-68,-154
2012,12,6,4,-52,-138
2012,12,7,0,-64,-141
2012,12,8,0,-98,-193
2012,12,9,0,-55,-190
2012,12,10,0,-33,-145
2012,12,11,0,-27,-155
2012,12,12,0,11,-142
2012,12,13,0,14,-110
2012,12,14,3,0,-19
2012,12,15,0,13,-22
2012,12,16,0,4,-47
2012,12,17,0,-47,-135
2012,12,18,0,-58,-150
2012,12,19,0,-13,-141
2012,12,20,45,-42,-101
2012,12,21,0,-76,-141
2012,12,22,0,-128,-184
2012,12,23,0,-153,-264
2012,12,24,0,-119,-241
2012,12,25,0,-122,-239
2012,12,26,0,-64,-219
2012,12,27,0,-29,-185
2012,12,28,0,-71,-124
2012,12,29,0,-102,-163
2012,12,30,0,-65,-199
2012,12,31,0,-61,-149
2013,1,1,0,-89,-167
2013,1,2,0,-160,-232
2013,1,3,0,-147,-266
2013,1,4,0,-111,-252
2013,1,5,0,-105,-234
2013,1,6,0,-91,-228
2013,1,7,0,-61,-214
2013,1,8,0,-81,-179
2013,1,9,0,-75,-218
2013,1,10,0,-44,-204
2013,1,11,0,-28,-150
2013,1,12,0,-18,-170
2013,1,13,0,-5,-171
2013,1,14,0,-36,-154
2013,1,15,0,-3,-136
2013,1,16,0,-26,-147
2013,1,17,0,-24,-188
2013,1,18,0,-8,-151
2013,1,19,0,-29,-133
2013,1,20,16,-24,-70
2013,1,21,0,-32,-114
2013,1,22,0,-45,-183
2013,1,23,0,-3,-164
2013,1,24,0,-10,-167
2013,1,25,0,16,-168
2013,1,26,0,22,-145
2013,1,27,0,17,-143
2013,1,28,0,31,-125
2013,1,29,0,38,-122
2013,1,30,0,68,-90
2013,1,31,0,43,-31
2013,2,1,0,-6,-103
2013,2,2,0,-4,-144
2013,2,3,0,41,-80
2013,2,4,0,-18,-127
2013,2,5,0,31,-90
2013,2,6,0,-26,-91
2013,2,7,0,-57,-141
2013,2,8,0,5,-123
2013,2,9,0,6,-104
2013,2,10,0,-12,-93
2013,2,11,0,-18,-113
2013,2,12,0,13,-144
2013,2,13,0,32,-138
2013,2,14,0,-16,-103
2013,2,15,0,8,-147
2013,2,16,0,25,-111
2013,2,17,0,-13,-75
2013,2,18,0,-42,-125
2013,2,19,0,-2,-193
2013,2,20,0,3,-148
2013,2,21,0,42,-144
2013,2,22,0,20,-129
2013,2,23,0,59,-122
2013,2,24,0,85,-95
2013,2,25,0,91,-39
2013,2,26,0,111,-46
2013,2,27,0,99,-62
2013,2,28,0,78,-58
2013,3,1,0,2,-131
2013,3,2,0,54,-64
2013,3,3,0,111,-70
2013,3,4,0,99,-76
2013,3,5,0,101,-23
2013,3,6,0,139,2
2013,3,7,0,166,-40
2013,3,8,0,176,0
2013,3,9,0,128,-6
2013,3,10,0,59,-100
2013,3,11,0,88,-16
2013,3,12,1,114,14
2013,3,13,0,56,-31
2013,3,14,0,123,-56
2013,3,15,0,121,-39
2013,3,16,0,109,-12
2013,3,17,0,166,-7
2013,3,18,0,121,-22
2013,3,19,0,122,0
2013,3,20,0,69,-71
2013,3,21,0,161,-17
2013,3,22,0,124,-42
2013,3,23,0,83,-2
2013,3,24,0,83,-48
2013,3,25,0,128,-21
2013,3,26,0,164,-12
2013,3,27,0,127,-2
2013,3,28,0,103,-35
2013,3,29,0,124,1
2013,3,30,0,143,-12
2013,3,31,0,206,22
2013,4,1,0,110,-6
2013,4,2,0,186,-56
2013,4,3,0,193,53
2013,4,4,0,167,69
2013,4,5,0,69,-16
2013,4,6,0,123,-72
2013,4,7,0,134,-3
2013,4,8,0,40,-43
2013,4,9,0,42,-77
2013,4,10,0,119,-70
2013,4,11,0,164,-35
2013,4,12,0,213,-12
2013,4,13,0,215,35
2013,4,14,0,241,29
2013,4,15,0,261,34
2013,4,16,0,231,48
2013,4,17,0,201,65
2013,4,18,0,97,4
2013,4,19,15,80,6
2013,4,20,0,131,12
2013,4,21,0,190,53
2013,4,22,0,223,104
2013,4,23,0,184,113
2013,4,24,0,187,25
2013,4,25,0,209,16
2013,4,26,0,268,29
2013,4,27,0,279,79
2013,4,28,0,207,123
2013,4,29,0,234,31
2013,4,30,0,265,49
2013,5,1,0,254,98
2013,5,2,0,264,144
2013,5,3,0,272,75
2013,5,4,0,296,91
2013,5,5,0,279,136
2013,5,6,0,229,138
2013,5,7,0,222,147
2013,5,8,43,184,106
2013,5,9,0,177,70
2013,5,10,0,259,39
2013,5,11,0,297,101
2013,5,12,0,307,124
2013,5,13,0,250,157
2013,5,14,0,247,100
2013,5,15,0,213,149
2013,5,16,115,180,122
2013,5,17,0,232,103
2013,5,18,1,268,76
2013,5,19,0,183,113
2013,5,20,0,287,38
2013,5,21,0,308,121
2013,5,22,0,322,141
2013,5,23,1,321,145
2013,5,24,0,268,171
2013,5,25,0,281,147
2013,5,26,0,313,160
2013,5,27,2,261,168
2013,5,28,0,209,145
2013,5,29,0,259,53
2013,5,30,0,295,71
2013,5,31,0,299,108
2013,6,1,0,275,135
2013,6,2,0,311,135
2013,6,3,0,335,128
2013,6,4,0,355,181
2013,6,5,0,344,197
2013,6,6,62,270,174
2013,6,7,0,283,154
2013,6,8,0,250,153
2013,6,9,0,234,119
2013,6,10,0,235,87
2013,6,11,0,265,80
2013,6,12,0,313,141
2013,6,13,0,285,193
2013,6,14,82,276,165
2013,6,15,12,277,178
2013,6,16,102,264,181
2013,6,17,1,250,157
2013,6,18,0,283,164
2013,6,19,0,258,192
2013,6,20,16,227,173
2013,6,21,0,238,146
2013,6,22,1,276,164
2013,6,23,0,317,166
2013,6,24,0,334,178
2013,6,25,0,319,171
2013,6,26,0,321,155
2013,6,27,0,325,160
2013,6,28,3,278,200
2013,6,29,0,311,174
2013,6,30,183,286,191
2013,7,1,182,221,175
2013,7,2,0,304,145
2013,7,3,0,286,174
2013,7,4,0,332,186
2013,7,5,0,316,176
2013,7,6,0,340,188
2013,7,7,4,313,198
2013,7,8,0,281,164
2013,7,9,0,255,195
2013,7,10,2,232,201
2013,7,11,0,297,182
2013,7,12,0,320,170
2013,7,13,0,325,192
2013,7,14,150,275,201
2013,7,15,30,277,186
2013,7,16,0,294,145
2013,7,17,41,255,167
2013,7,18,1,277,179
2013,7,19,0,293,144
2013,7,20,0,312,177
2013,7,21,0,310,187
2013,7,22,35,271,165
2013,7,23,0,309,154
2013,7,24,0,306,193
2013,7,25,0,313,195
2013,7,26,50,269,205
2013,7,27,14,264,184
2013,7,28,4,309,176
2013,7,29,0,314,179
2013,7,30,0,302,188
2013,7,31,0,292,188
2013,8,1,0,303,181
2013,8,2,0,310,180
2013,8,3,0,317,156
2013,8,4,0,305,177
2013,8,5,2,298,161
2013,8,6,2,287,176
2013,8,7,26,254,170
2013,8,8,0,316,166
2013,8,9,0,310,173
2013,8,10,0,303,187
2013,8,11,139,289,184
2013,8,12,0,301,185
2013,8,13,0,311,196
2013,8,14,0,317,214
2013,8,15,0,331,219
2013,8,16,0,308,223
2013,8,17,0,293,147
2013,8,18,0,292,199
2013,8,19,0,274,199
2013,8,20,130,240,174
2013,8,21,0,270,169
2013,8,22,0,226,189
2013,8,23,0,285,151
2013,8,24,0,294,172
2013,8,25,0,300,157
2013,8,26,0,299,170
2013,8,27,202,236,183
2013,8,28,21,281,169
2013,8,29,0,230,144
2013,8,30,0,215,84
2013,8,31,0,253,83
